miRNA,log2FC,p_value,adj_p,Direction,Significant
hsa-let-7a-3p,-1.4336790249110756,0.38695912756327344,0.5636015384662029,Down_in_LUAD,False
hsa-let-7a-5p,-0.7999157741142469,0.13459518521556466,0.5362329327587064,Down_in_LUAD,False
hsa-let-7b-3p,0.5164844373411972,0.4174022630401574,0.5864532532257881,Up_in_LUAD,False
hsa-let-7b-5p,0.35530794388852627,0.4317882406427769,0.5989057425858956,Up_in_LUAD,False
hsa-let-7c-5p,-0.34210895443838396,0.5929611407643331,0.7219940483035955,Down_in_LUAD,False
hsa-let-7d-3p,-0.3896922157153604,0.5566187678864352,0.697784894301786,Down_in_LUAD,False
hsa-let-7d-5p,0.14890120316954736,0.6963263080578532,0.806183613940767,Up_in_LUAD,False
hsa-let-7e-5p,0.025900102779639056,0.9722387224161189,0.9867188736010398,Up_in_LUAD,False
hsa-let-7f-1-3p,-1.2899100987970322,0.3212711075765314,0.5362329327587064,Down_in_LUAD,False
hsa-let-7f-2-3p,-2.172830877664039,0.26641704616542,0.5362329327587064,Down_in_LUAD,False
hsa-let-7f-5p,-1.0137843242472915,0.0767043129350786,0.5362329327587064,Down_in_LUAD,False
hsa-let-7g-3p,-28.317409348057517,0.34343639613791355,0.5362329327587064,Down_in_LUAD,False
hsa-let-7g-5p,-0.3233470779383847,0.2711378805882844,0.5362329327587064,Down_in_LUAD,False
hsa-let-7i-3p,-29.3779344815709,0.34343639613791355,0.5362329327587064,Down_in_LUAD,False
hsa-let-7i-5p,-0.7542616776424946,0.1798960851226186,0.5362329327587064,Down_in_LUAD,False
hsa-miR-1,0.9120207187791163,0.5474753526700012,0.6936141918289258,Up_in_LUAD,False
hsa-miR-100-5p,0.7128196086073579,0.6347009978329898,0.7568809399158404,Up_in_LUAD,False
hsa-miR-101-3p,-0.4938364046171486,0.5532949221649659,0.6966225262933253,Down_in_LUAD,False
hsa-miR-101-5p,-30.835257649360155,0.34343639613791355,0.5362329327587064,Down_in_LUAD,False
hsa-miR-106a-5p,-0.17229295365418995,0.9257744201952729,0.9610324231406859,Down_in_LUAD,False
hsa-miR-106b-3p,-0.3355258059935107,0.5813536131581666,0.7137855173138878,Down_in_LUAD,False
hsa-miR-106b-5p,0.9103025937981313,0.3470901262598831,0.5375389293050787,Up_in_LUAD,False
hsa-miR-107,-0.39393791467022865,0.47604736834207895,0.6360632904738702,Down_in_LUAD,False
hsa-miR-10a-3p,2.1117413362393003,0.34150891473174505,0.5362329327587064,Up_in_LUAD,False
hsa-miR-10a-5p,0.2385388859547568,0.8117625803453619,0.897390686567416,Up_in_LUAD,False
hsa-miR-10b-5p,-0.09333581170654703,0.9162121196243533,0.9531803294674297,Down_in_LUAD,False
hsa-miR-1179,-30.030011177398617,0.34343639613791355,0.5362329327587064,Down_in_LUAD,False
hsa-miR-1180-3p,0.8422947612767269,0.3946907145001626,0.5690931320978306,Up_in_LUAD,False
hsa-miR-1181,29.846464914400045,0.3408931323020601,0.5362329327587064,Up_in_LUAD,False
hsa-miR-1199-5p,32.41116409337503,0.3408931323020601,0.5362329327587064,Up_in_LUAD,False
hsa-miR-1208,29.32453547386889,0.3408931323020601,0.5362329327587064,Up_in_LUAD,False
hsa-miR-1224-5p,1.7480406547203236,0.43294222943208793,0.5989057425858956,Up_in_LUAD,False
hsa-miR-1225-3p,-32.53555510885663,0.3172431713351639,0.5362329327587064,Down_in_LUAD,False
hsa-miR-1227-5p,-26.570651070771973,0.34343639613791355,0.5362329327587064,Down_in_LUAD,False
hsa-miR-1228-3p,-28.38779867574353,0.34343639613791355,0.5362329327587064,Down_in_LUAD,False
hsa-miR-1228-5p,1.937930868240291,0.27073664141269643,0.5362329327587064,Up_in_LUAD,False
hsa-miR-1229-3p,-32.5147042713501,0.16795821094065588,0.5362329327587064,Down_in_LUAD,False
hsa-miR-1229-5p,-28.25240360193095,0.34343639613791355,0.5362329327587064,Down_in_LUAD,False
hsa-miR-1236-5p,-29.835257650113224,0.34343639613791355,0.5362329327587064,Down_in_LUAD,False
hsa-miR-1237-3p,-28.28284260753172,0.34343639613791355,0.5362329327587064,Down_in_LUAD,False
hsa-miR-124-3p,31.089235998866574,0.3408931323020601,0.5362329327587064,Up_in_LUAD,False
hsa-miR-1244,34.678473961565444,0.3408931323020601,0.5362329327587064,Up_in_LUAD,False
hsa-miR-1246,1.4734789446303447,0.2610193868242005,0.5362329327587064,Up_in_LUAD,False
hsa-miR-1247-5p,-2.0378253890238796,0.4408687068456597,0.6040868655021902,Down_in_LUAD,False
hsa-miR-1248,2.0940223479490907,0.19804621392891988,0.5362329327587064,Up_in_LUAD,False
hsa-miR-1249,-1.8856989571575378,0.21636991049649992,0.5362329327587064,Down_in_LUAD,False
hsa-miR-1254,3.8679911533208253,0.374406561860691,0.5546333230048124,Up_in_LUAD,False
hsa-miR-1255a,-32.71495330903239,0.34343639613791355,0.5362329327587064,Down_in_LUAD,False
hsa-miR-1256,-28.377934483638825,0.34343639613791355,0.5362329327587064,Down_in_LUAD,False
hsa-miR-125a-5p,1.1171083118246834,0.33933713410671806,0.5362329327587064,Up_in_LUAD,False
hsa-miR-125b-1-3p,-0.2505281255544505,0.8698260894091007,0.9261317960896004,Down_in_LUAD,False
hsa-miR-125b-2-3p,-1.6630591691428416,0.13157807269023997,0.5362329327587064,Down_in_LUAD,False
hsa-miR-125b-5p,-1.2355953356832519,0.16599896206945958,0.5362329327587064,Down_in_LUAD,False
hsa-miR-126-3p,-0.046093546146131814,0.9561171175786711,0.9795047882875186,Down_in_LUAD,False
hsa-miR-126-5p,0.027673804461560536,0.9769442883601229,0.9879514938201722,Up_in_LUAD,False
hsa-miR-1260b,-0.48648646347713465,0.7144393694430846,0.8211748896972323,Down_in_LUAD,False
hsa-miR-1262,-31.224448047591817,0.2210504200814601,0.5362329327587064,Down_in_LUAD,False
hsa-miR-1268b,-30.997640019370245,0.34343639613791355,0.5362329327587064,Down_in_LUAD,False
hsa-miR-1269b,33.68508681520342,0.34089313230206,0.5362329327587064,Up_in_LUAD,False
hsa-miR-127-3p,-2.69947570590854,0.2803170076529265,0.5362329327587064,Down_in_LUAD,False
hsa-miR-127-5p,-33.061937771486505,0.29804545967107376,0.5362329327587064,Down_in_LUAD,False
hsa-miR-1270,0.26377742439932117,0.8839914900816229,0.9352359080527994,Up_in_LUAD,False
hsa-miR-1271-5p,29.11145030500486,0.3408931323020601,0.5362329327587064,Up_in_LUAD,False
hsa-miR-1273h-3p,-0.02109582001528576,0.9883734106155093,0.9925349828707325,Down_in_LUAD,False
hsa-miR-1275,1.112464980335683,0.46839419025273843,0.6300144035920348,Up_in_LUAD,False
hsa-miR-1276,34.140386728224364,0.3408931323020601,0.5362329327587064,Up_in_LUAD,False
hsa-miR-1277-5p,-2.8502465712223617,0.19288542352395877,0.5362329327587064,Down_in_LUAD,False
hsa-miR-1278,-29.3779344815709,0.34343639613791355,0.5362329327587064,Down_in_LUAD,False
hsa-miR-128-1-5p,31.136684148676657,0.3408931323020601,0.5362329327587064,Up_in_LUAD,False
hsa-miR-128-3p,-1.0272979748180138,0.10442294866757922,0.5362329327587064,Down_in_LUAD,False
hsa-miR-1282,-0.392388873447044,0.8519731060201354,0.9165670604964772,Down_in_LUAD,False
hsa-miR-1284,-30.609158645685998,0.34343639613791355,0.5362329327587064,Down_in_LUAD,False
hsa-miR-1287-5p,-0.0504624967843319,0.9796667852766068,0.9879514938201722,Down_in_LUAD,False
hsa-miR-129-5p,-33.68017081852556,0.34343639613791355,0.5362329327587064,Down_in_LUAD,False
hsa-miR-1290,2.2151103181035947,0.4549761684310747,0.6147978253303757,Up_in_LUAD,False
hsa-miR-1291,1.2665946718913794,0.21331378635027848,0.5362329327587064,Up_in_LUAD,False
hsa-miR-1292-3p,-4.605730805761414,0.22167331563085868,0.5362329327587064,Down_in_LUAD,False
hsa-miR-1292-5p,-30.515438004192873,0.34343639613791355,0.5362329327587064,Down_in_LUAD,False
hsa-miR-1293,-31.927427869383024,0.34343639613791355,0.5362329327587064,Down_in_LUAD,False
hsa-miR-1294,-33.94970728428328,0.16125776803457903,0.5362329327587064,Down_in_LUAD,False
hsa-miR-1295b-3p,-30.057650071234505,0.34343639613791355,0.5362329327587064,Down_in_LUAD,False
hsa-miR-1296-5p,2.715771156900426,0.3159220619172207,0.5362329327587064,Up_in_LUAD,False
hsa-miR-1297,-0.11477413086469335,0.9422878812226092,0.9725178379740144,Down_in_LUAD,False
hsa-miR-1299,1.8885155901470356,0.49274009862481893,0.6501715824178108,Up_in_LUAD,False
hsa-miR-1301-3p,0.3409202410268617,0.8421316187035204,0.9150268385457385,Up_in_LUAD,False
hsa-miR-1304-5p,-29.250295150145142,0.34343639613791355,0.5362329327587064,Down_in_LUAD,False
hsa-miR-1306-3p,36.559464283309005,0.30967230256811373,0.5362329327587064,Up_in_LUAD,False
hsa-miR-1306-5p,2.1120274456323314,0.4695390366393466,0.6300144035920348,Up_in_LUAD,False
hsa-miR-1307-3p,-0.43010899934345304,0.654653289261441,0.7729446014299687,Down_in_LUAD,False
hsa-miR-1307-5p,1.5717452188114454,0.3605204213721467,0.5479240953076542,Up_in_LUAD,False
hsa-miR-130a-3p,-0.9150974580816058,0.303524718268675,0.5362329327587064,Down_in_LUAD,False
hsa-miR-130b-3p,-0.890352073567036,0.2636162441513975,0.5362329327587064,Down_in_LUAD,False
hsa-miR-130b-5p,-0.06663814491446374,0.9289230361217913,0.9632528005002052,Down_in_LUAD,False
hsa-miR-132-3p,-1.111079236473306,0.21624943736348728,0.5362329327587064,Down_in_LUAD,False
hsa-miR-132-5p,-32.190541384839655,0.23434187404333887,0.5362329327587064,Down_in_LUAD,False
hsa-miR-1323,-31.122619003481127,0.34343639613791355,0.5362329327587064,Down_in_LUAD,False
hsa-miR-133a-3p,-0.843166167592333,0.5462264306347047,0.6929521473743461,Down_in_LUAD,False
hsa-miR-133b,0.16180812905536027,0.9377832558241805,0.9703310477833712,Up_in_LUAD,False
hsa-miR-134-5p,-0.9076482024583772,0.562651747626048,0.7025782293655102,Down_in_LUAD,False
hsa-miR-1343-5p,-26.778472421619593,0.34343639613791355,0.5362329327587064,Down_in_LUAD,False
hsa-miR-135a-3p,0.0606362354417358,0.9766092945001394,0.9879514938201722,Up_in_LUAD,False
hsa-miR-135a-5p,34.2095302320254,0.3408931323020601,0.5362329327587064,Up_in_LUAD,False
hsa-miR-135b-3p,-31.463655921186284,0.34343639613791355,0.5362329327587064,Down_in_LUAD,False
hsa-miR-135b-5p,-30.473526165690863,0.34343639613791355,0.5362329327587064,Down_in_LUAD,False
hsa-miR-136-3p,0.7811236745750634,0.5718939343611112,0.706718670181995,Up_in_LUAD,False
hsa-miR-136-5p,-0.2806081851750255,0.8793762449984265,0.932138819698332,Down_in_LUAD,False
hsa-miR-137,0.8305042071829982,0.6027891896693578,0.7303213479829852,Up_in_LUAD,False
hsa-miR-138-1-3p,-28.928367055822584,0.34343639613791355,0.5362329327587064,Down_in_LUAD,False
hsa-miR-138-5p,-3.5453668064167974,0.36896159951851915,0.5508946431319606,Down_in_LUAD,False
hsa-miR-139-3p,0.8387693715090916,0.6032423712899291,0.7303213479829852,Up_in_LUAD,False
hsa-miR-139-5p,-34.98904152352546,0.16359993771191494,0.5362329327587064,Down_in_LUAD,False
hsa-miR-140-3p,-0.7787302366459503,0.16573310604363664,0.5362329327587064,Down_in_LUAD,False
hsa-miR-140-5p,0.32719458413025126,0.8199410869998845,0.9043049676276184,Up_in_LUAD,False
hsa-miR-141-3p,0.3604609511043133,0.6380211689209649,0.758942886721447,Up_in_LUAD,False
hsa-miR-142-3p,0.4024110276082711,0.5727305087617827,0.706836876272627,Up_in_LUAD,False
hsa-miR-142-5p,0.5198221035564536,0.3898381468762887,0.5660663502587207,Up_in_LUAD,False
hsa-miR-143-3p,-0.7167338824639256,0.16869748140670288,0.5362329327587064,Down_in_LUAD,False
hsa-miR-143-5p,-32.779083646443205,0.34343639613791355,0.5362329327587064,Down_in_LUAD,False
hsa-miR-144-3p,1.2379848213297926,0.2578188769898278,0.5362329327587064,Up_in_LUAD,False
hsa-miR-144-5p,0.6382500245479257,0.45994578505254424,0.6206340579068278,Up_in_LUAD,False
hsa-miR-145-3p,-3.373968925609652,0.25612450890469707,0.5362329327587064,Down_in_LUAD,False
hsa-miR-145-5p,0.16682425747464968,0.9061130926791304,0.9478248778755761,Up_in_LUAD,False
hsa-miR-1468-5p,1.4048409288127894,0.3365872673670546,0.5362329327587064,Up_in_LUAD,False
hsa-miR-1469,-31.927427869383024,0.34343639613791355,0.5362329327587064,Down_in_LUAD,False
hsa-miR-146a-3p,3.2056014781202595,0.39574673920516745,0.5690931320978306,Up_in_LUAD,False
hsa-miR-146a-5p,0.5872773533778162,0.48514178833881627,0.6444552040974374,Up_in_LUAD,False
hsa-miR-146b-3p,-0.26884889699113357,0.8334208234324458,0.9107485286993737,Down_in_LUAD,False
hsa-miR-146b-5p,-0.0020625731862953245,0.9967561634395847,0.9998576414756573,Down_in_LUAD,False
hsa-miR-1471,30.534580063667146,0.34089313230206,0.5362329327587064,Up_in_LUAD,False
hsa-miR-148a-3p,-1.088023723138674,0.20634466499779391,0.5362329327587064,Down_in_LUAD,False
hsa-miR-148a-5p,-0.9959076227261239,0.21563573845803669,0.5362329327587064,Down_in_LUAD,False
hsa-miR-148b-3p,-0.39229580710796697,0.6601378685354838,0.7765370241465495,Down_in_LUAD,False
hsa-miR-148b-5p,0.2743572671365042,0.823393179487077,0.9060174085705553,Up_in_LUAD,False
hsa-miR-149-3p,1.5488932824278159,0.5119886048984994,0.6654456799361967,Up_in_LUAD,False
hsa-miR-149-5p,-0.9988159619379466,0.3576189724404819,0.545528110932294,Down_in_LUAD,False
hsa-miR-150-3p,-32.291408691639,0.19387289536001945,0.5362329327587064,Down_in_LUAD,False
hsa-miR-150-5p,-0.9068402770924386,0.28734320627725124,0.5362329327587064,Down_in_LUAD,False
hsa-miR-151a-3p,-0.6435461456201974,0.32451838017281087,0.5362329327587064,Down_in_LUAD,False
hsa-miR-151a-5p,0.7250853514564746,0.3911458972693149,0.5668546902356553,Up_in_LUAD,False
hsa-miR-151b,-0.2148667863328395,0.8284580779177328,0.9092738951983813,Down_in_LUAD,False
hsa-miR-152-3p,0.257262189997439,0.7880302778156526,0.8865340625426092,Up_in_LUAD,False
hsa-miR-152-5p,-2.476155434045408,0.4390505745938639,0.6040498066157751,Down_in_LUAD,False
hsa-miR-1537-3p,34.989288307238844,0.3408931323020601,0.5362329327587064,Up_in_LUAD,False
hsa-miR-1538,3.0748232859385576,0.3743696813431703,0.5546333230048124,Up_in_LUAD,False
hsa-miR-1539,30.784381417486745,0.3408931323020601,0.5362329327587064,Up_in_LUAD,False
hsa-miR-155-3p,29.671169552578355,0.34089313230206,0.5362329327587064,Up_in_LUAD,False
hsa-miR-155-5p,1.1111527035488251,0.5174912339943705,0.6689520829683325,Up_in_LUAD,False
hsa-miR-15a-3p,29.114776204848123,0.3408931323020601,0.5362329327587064,Up_in_LUAD,False
hsa-miR-15a-5p,0.2647169623204455,0.7971224489276169,0.8904713818971313,Up_in_LUAD,False
hsa-miR-15b-3p,-4.760546054062814,0.2997992522641082,0.5362329327587064,Down_in_LUAD,False
hsa-miR-15b-5p,1.1358164228497767,0.08361263628279662,0.5362329327587064,Up_in_LUAD,False
hsa-miR-16-2-3p,0.5516805975705044,0.5556155787011849,0.6974437658959611,Up_in_LUAD,False
hsa-miR-16-5p,-0.09902198986056199,0.9037693307487451,0.947468067620113,Down_in_LUAD,False
hsa-miR-17-3p,5.789496446256091,0.3386605129537573,0.5362329327587064,Up_in_LUAD,False
hsa-miR-17-5p,0.31501852417967147,0.5827988403911788,0.7140535950722542,Up_in_LUAD,False
hsa-miR-181a-2-3p,0.4415467595038578,0.6326102706830816,0.7553319126804253,Up_in_LUAD,False
hsa-miR-181a-3p,0.1099187670104591,0.9070902657236908,0.9478248778755761,Up_in_LUAD,False
hsa-miR-181a-5p,-0.36956427403095304,0.39994881544987804,0.5696090113209137,Down_in_LUAD,False
hsa-miR-181b-3p,-31.865166577501824,0.19090323096808143,0.5362329327587064,Down_in_LUAD,False
hsa-miR-181b-5p,0.33222036925019616,0.6541712766008072,0.7729446014299687,Up_in_LUAD,False
hsa-miR-181c-3p,-2.2351866033223686,0.016086726834901883,0.5362329327587064,Down_in_LUAD,False
hsa-miR-181c-5p,0.34141146376802745,0.4972860591570232,0.6517489075007031,Up_in_LUAD,False
hsa-miR-181d-5p,-0.696065014484617,0.5642402165635089,0.7027221496104274,Down_in_LUAD,False
hsa-miR-182-3p,-30.20478466750066,0.34343639613791355,0.5362329327587064,Down_in_LUAD,False
hsa-miR-182-5p,-0.7052199742827217,0.4061164479217424,0.5739593980433136,Down_in_LUAD,False
hsa-miR-183-5p,-2.059310843653156,0.36560578108093655,0.5508946431319606,Down_in_LUAD,False
hsa-miR-184,2.874002309588369,0.2319295322581395,0.5362329327587064,Up_in_LUAD,False
hsa-miR-185-3p,-0.47723487944447296,0.7971305661846436,0.8904713818971313,Down_in_LUAD,False
hsa-miR-185-5p,0.12305354359719978,0.8685139142028786,0.9257679040777053,Up_in_LUAD,False
hsa-miR-186-5p,-0.02844618260500198,0.9574362789624851,0.9795047882875186,Down_in_LUAD,False
hsa-miR-187-3p,33.162151911044134,0.2440576129570217,0.5362329327587064,Up_in_LUAD,False
hsa-miR-188-5p,31.898002333966833,0.3408931323020601,0.5362329327587064,Up_in_LUAD,False
hsa-miR-18a-3p,-35.11071702190294,0.09221977883924048,0.5362329327587064,Down_in_LUAD,False
hsa-miR-18a-5p,-1.2056265577337584,0.4690906131526472,0.6300144035920348,Down_in_LUAD,False
hsa-miR-18b-3p,31.615851985202518,0.3408931323020601,0.5362329327587064,Up_in_LUAD,False
hsa-miR-18b-5p,-0.8191209101686073,0.6833096341359588,0.7933049325938618,Down_in_LUAD,False
hsa-miR-1908-3p,-31.676272841084092,0.34343639613791355,0.5362329327587064,Down_in_LUAD,False
hsa-miR-1908-5p,-1.7599973842886312,0.4754207255444215,0.6360632904738702,Down_in_LUAD,False
hsa-miR-190a-5p,-0.37205061547008533,0.804626827012654,0.8956989416220209,Down_in_LUAD,False
hsa-miR-190b,-32.734465192761235,0.2387729791645442,0.5362329327587064,Down_in_LUAD,False
hsa-miR-191-3p,-4.451752065648624,0.33830662022893654,0.5362329327587064,Down_in_LUAD,False
hsa-miR-191-5p,0.2532365113254489,0.6620515058852325,0.7765671587730982,Up_in_LUAD,False
hsa-miR-1910-5p,2.0834326490704047,0.4480135047429339,0.6097073944718387,Up_in_LUAD,False
hsa-miR-1911-3p,-32.94931487327093,0.34343639613791366,0.5362329327587064,Down_in_LUAD,False
hsa-miR-1913,29.06150106846428,0.3408931323020601,0.5362329327587064,Up_in_LUAD,False
hsa-miR-192-3p,35.5742508079459,0.3408931323020601,0.5362329327587064,Up_in_LUAD,False
hsa-miR-192-5p,0.011799220425169565,0.9856350076395174,0.9925349828707325,Up_in_LUAD,False
hsa-miR-193a-5p,1.2673459017485218,0.3982847625815851,0.5696090113209137,Up_in_LUAD,False
hsa-miR-193b-3p,1.6058819699560472,0.191658265105402,0.5362329327587064,Up_in_LUAD,False
hsa-miR-193b-5p,0.08049444362752478,0.9655268610838104,0.9819964024242591,Up_in_LUAD,False
hsa-miR-194-3p,-32.366462997112926,0.28618941181962976,0.5362329327587064,Down_in_LUAD,False
hsa-miR-194-5p,-4.189680855833115,0.27315532256627356,0.5362329327587064,Down_in_LUAD,False
hsa-miR-195-3p,1.1516622916177477,0.4927094208001995,0.6501715824178108,Up_in_LUAD,False
hsa-miR-195-5p,-0.9294937841671063,0.44135067636795233,0.6040868655021902,Down_in_LUAD,False
hsa-miR-196a-5p,-0.40693623649780797,0.7451220952347625,0.850294831165028,Down_in_LUAD,False
hsa-miR-196b-5p,-0.5152497116439934,0.6091787600900422,0.7356411862353168,Down_in_LUAD,False
hsa-miR-197-3p,-0.12867536793372203,0.8492578157487687,0.9165670604964772,Down_in_LUAD,False
hsa-miR-197-5p,-32.39546822819933,0.34343639613791355,0.5362329327587064,Down_in_LUAD,False
hsa-miR-1976,-34.69143896256508,0.3111136960038941,0.5362329327587064,Down_in_LUAD,False
hsa-miR-198,-32.781526660446445,0.34343639613791355,0.5362329327587064,Down_in_LUAD,False
hsa-miR-199a-3p,-1.1414731087645436,0.15136228015227418,0.5362329327587064,Down_in_LUAD,False
hsa-miR-199a-5p,-0.31451980700167237,0.8007086735861527,0.8923785918238197,Down_in_LUAD,False
hsa-miR-199b-3p,-1.1682164709510747,0.1398223698463544,0.5362329327587064,Down_in_LUAD,False
hsa-miR-199b-5p,2.779300121446056,0.26273494497603633,0.5362329327587064,Up_in_LUAD,False
hsa-miR-19a-3p,0.08549925567709771,0.9153887376016543,0.9531803294674297,Up_in_LUAD,False
hsa-miR-19b-3p,-0.40198163679975707,0.5740821133118557,0.707589581523915,Down_in_LUAD,False
hsa-miR-200a-3p,0.5283607752816799,0.5197847949064167,0.6691966185434838,Up_in_LUAD,False
hsa-miR-200a-5p,-1.7701804350737085,0.30539298429690875,0.5362329327587064,Down_in_LUAD,False
hsa-miR-200b-3p,1.4358287771135068,0.14798947769092038,0.5362329327587064,Up_in_LUAD,False
hsa-miR-200b-5p,-2.6130578528306954,0.3046462703545753,0.5362329327587064,Down_in_LUAD,False
hsa-miR-200c-3p,0.3476401659859665,0.5860044902202517,0.7158108625737774,Up_in_LUAD,False
hsa-miR-202-5p,-28.250295152404362,0.34343639613791355,0.5362329327587064,Down_in_LUAD,False
hsa-miR-203b-3p,-30.95895299258462,0.34343639613791355,0.5362329327587064,Down_in_LUAD,False
hsa-miR-204-3p,-31.31217689018557,0.34343639613791366,0.5362329327587064,Down_in_LUAD,False
hsa-miR-204-5p,-1.6711574807018135,0.36126232279718495,0.5479240953076542,Down_in_LUAD,False
hsa-miR-205-3p,-33.51957825203703,0.1901382219903249,0.5362329327587064,Down_in_LUAD,False
hsa-miR-205-5p,0.3171213059214004,0.6212211895882302,0.7470624149351361,Up_in_LUAD,False
hsa-miR-206,-0.1005851516190619,0.9474344046729775,0.9739789030797635,Down_in_LUAD,False
hsa-miR-20a-3p,30.646463567468718,0.3408931323020601,0.5362329327587064,Up_in_LUAD,False
hsa-miR-20a-5p,0.23370558417528997,0.7507299927256832,0.8546496575898589,Up_in_LUAD,False
hsa-miR-20b-3p,-2.9188915859981206,0.2612859210087599,0.5362329327587064,Down_in_LUAD,False
hsa-miR-20b-5p,0.35012627863604795,0.810053166149159,0.897390686567416,Up_in_LUAD,False
hsa-miR-21-3p,-2.105803201235422,0.07672909359543117,0.5362329327587064,Down_in_LUAD,False
hsa-miR-21-5p,0.055611475045663994,0.8898564439409933,0.9380365165963619,Up_in_LUAD,False
hsa-miR-210-3p,0.04877341436175264,0.9626594298359694,0.9811721111789689,Up_in_LUAD,False
hsa-miR-210-5p,4.089316231772707,0.3076393766798334,0.5362329327587064,Up_in_LUAD,False
hsa-miR-211-5p,0.0020785101470064404,0.9986748483185366,0.9998576414756573,Up_in_LUAD,False
hsa-miR-2110,0.34469189707982384,0.7949752866041635,0.8901483842962112,Up_in_LUAD,False
hsa-miR-2115-3p,33.98928830728114,0.3408931323020601,0.5362329327587064,Up_in_LUAD,False
hsa-miR-2116-3p,-33.52671276133879,0.34343639613791355,0.5362329327587064,Down_in_LUAD,False
hsa-miR-2117,30.784381417486745,0.3408931323020601,0.5362329327587064,Up_in_LUAD,False
hsa-miR-212-3p,30.264352559535567,0.3408931323020601,0.5362329327587064,Up_in_LUAD,False
hsa-miR-212-5p,33.35907656953297,0.3408931323020601,0.5362329327587064,Up_in_LUAD,False
hsa-miR-215-5p,-0.2280699487925304,0.8521209497267573,0.9165670604964772,Down_in_LUAD,False
hsa-miR-216a-5p,-1.8316545274691824,0.5039124082929998,0.6567383026113686,Down_in_LUAD,False
hsa-miR-218-5p,-30.317409344822725,0.34343639613791355,0.5362329327587064,Down_in_LUAD,False
hsa-miR-219a-1-3p,-32.02308332964371,0.34343639613791366,0.5362329327587064,Down_in_LUAD,False
hsa-miR-219a-5p,32.288080076215934,0.3408931323020601,0.5362329327587064,Up_in_LUAD,False
hsa-miR-22-3p,0.40519734058493917,0.38566612868364936,0.5634365271199817,Up_in_LUAD,False
hsa-miR-22-5p,-32.598670521620356,0.23785889315041098,0.5362329327587064,Down_in_LUAD,False
hsa-miR-221-3p,0.33963394379062173,0.6807616662379468,0.7920080848670746,Up_in_LUAD,False
hsa-miR-221-5p,-1.3613145268881945,0.2887660872259701,0.5362329327587064,Down_in_LUAD,False
hsa-miR-222-3p,-0.6449814989634017,0.06825351273475425,0.5362329327587064,Down_in_LUAD,False
hsa-miR-222-5p,-35.00300314092012,0.34343639613791366,0.5362329327587064,Down_in_LUAD,False
hsa-miR-223-3p,0.10351815154408506,0.8993389415747789,0.9444860774425524,Up_in_LUAD,False
hsa-miR-223-5p,-0.2740844114083876,0.851919314110721,0.9165670604964772,Down_in_LUAD,False
hsa-miR-224-5p,0.9203427071357568,0.4138910380225128,0.5823776552706155,Up_in_LUAD,False
hsa-miR-2277-5p,2.7440684592932554,0.41896278639944484,0.5877801444486329,Up_in_LUAD,False
hsa-miR-2355-5p,33.16103673959033,0.3408931323020601,0.5362329327587064,Up_in_LUAD,False
hsa-miR-23a-3p,0.6408383635584016,0.11562007697121708,0.5362329327587064,Up_in_LUAD,False
hsa-miR-23a-5p,-31.927427869383024,0.34343639613791355,0.5362329327587064,Down_in_LUAD,False
hsa-miR-23b-3p,0.5633516720695226,0.5700455098709001,0.7064894321903693,Up_in_LUAD,False
hsa-miR-23b-5p,2.828672569965296,0.24480376627581657,0.5362329327587064,Up_in_LUAD,False
hsa-miR-23c,3.0546984325875655,0.2269332628804756,0.5362329327587064,Up_in_LUAD,False
hsa-miR-24-2-5p,1.098879241530244,0.6204318880989161,0.7470624149351361,Up_in_LUAD,False
hsa-miR-24-3p,-0.1805158330103378,0.6423199067323416,0.7612089329473962,Down_in_LUAD,False
hsa-miR-2467-5p,-29.771127312761973,0.34343639613791355,0.5362329327587064,Down_in_LUAD,False
hsa-miR-25-3p,-0.014435018856985948,0.9788364092627017,0.9879514938201722,Down_in_LUAD,False
hsa-miR-25-5p,-1.9634541012779794,0.2404973292656809,0.5362329327587064,Down_in_LUAD,False
hsa-miR-26a-1-3p,-30.377934480536936,0.34343639613791355,0.5362329327587064,Down_in_LUAD,False
hsa-miR-26a-5p,-0.18643423887320942,0.7050964435001468,0.8143607834130024,Down_in_LUAD,False
hsa-miR-26b-3p,-0.019433244213910683,0.9863904944190649,0.9925349828707325,Down_in_LUAD,False
hsa-miR-26b-5p,-0.25792245862340124,0.5528784695029649,0.6966225262933253,Down_in_LUAD,False
hsa-miR-27a-3p,1.190918323817293,0.21716353497068466,0.5362329327587064,Up_in_LUAD,False
hsa-miR-27a-5p,0.5333042877790666,0.7306976607003788,0.8388514660748031,Up_in_LUAD,False
hsa-miR-27b-3p,-0.18446395720630093,0.5333210785277336,0.6811088472763827,Down_in_LUAD,False
hsa-miR-27b-5p,1.749537105354955,0.2758551279711716,0.5362329327587064,Up_in_LUAD,False
hsa-miR-28-3p,0.1112992238080075,0.8745471857661798,0.9280511848953676,Up_in_LUAD,False
hsa-miR-28-5p,0.3249877497768088,0.7123190769961175,0.8207154582781354,Up_in_LUAD,False
hsa-miR-296-3p,-3.660821082658539,0.18598202647599885,0.5362329327587064,Down_in_LUAD,False
hsa-miR-299-5p,35.93586606904805,0.3408931323020601,0.5362329327587064,Up_in_LUAD,False
hsa-miR-29a-3p,0.7259297583868314,0.43404285222437533,0.59924295372222,Up_in_LUAD,False
hsa-miR-29a-5p,29.61585198651767,0.3408931323020601,0.5362329327587064,Up_in_LUAD,False
hsa-miR-29b-1-5p,33.148129687440196,0.3408931323020601,0.5362329327587064,Up_in_LUAD,False
hsa-miR-29b-2-5p,-31.18528940215141,0.34343639613791366,0.5362329327587064,Down_in_LUAD,False
hsa-miR-29b-3p,1.9041594030119207,0.3430247962074584,0.5362329327587064,Up_in_LUAD,False
hsa-miR-29c-3p,0.2851926682571593,0.7854202212261443,0.8846409575557753,Up_in_LUAD,False
hsa-miR-29c-5p,-31.60804583047506,0.34343639613791355,0.5362329327587064,Down_in_LUAD,False
hsa-miR-301a-3p,0.493722263618233,0.6645837349783157,0.7771658618082341,Up_in_LUAD,False
hsa-miR-301a-5p,-29.962896981602743,0.34343639613791355,0.5362329327587064,Down_in_LUAD,False
hsa-miR-301b,-0.6440391117289777,0.7656872054829054,0.8644563242966766,Down_in_LUAD,False
hsa-miR-3064-5p,-3.3609373757076524,0.2856184668358192,0.5362329327587064,Down_in_LUAD,False
hsa-miR-3065-3p,0.5257034670549174,0.7553011416022777,0.85803599043876,Up_in_LUAD,False
hsa-miR-30a-3p,-0.7213033927089434,0.48446344748923387,0.6444552040974374,Down_in_LUAD,False
hsa-miR-30a-5p,-0.39583991178736433,0.40136523648231315,0.5697952910775695,Down_in_LUAD,False
hsa-miR-30b-3p,1.4447446532143888,0.4955184539896377,0.6517489075007031,Up_in_LUAD,False
hsa-miR-30b-5p,0.7730711684139138,0.41052683880551755,0.5784971997348061,Up_in_LUAD,False
hsa-miR-30c-1-3p,-32.94030695159635,0.19548153079635083,0.5362329327587064,Down_in_LUAD,False
hsa-miR-30c-2-3p,-32.14804862469243,0.21808819472380142,0.5362329327587064,Down_in_LUAD,False
hsa-miR-30c-5p,-0.11497040386771928,0.8535715853522704,0.9170127166960202,Down_in_LUAD,False
hsa-miR-30d-3p,-33.352981713569456,0.176745779237082,0.5362329327587064,Down_in_LUAD,False
hsa-miR-30d-5p,0.15154837661329346,0.7478523535162148,0.8523908545453631,Up_in_LUAD,False
hsa-miR-30e-3p,-0.4140017625311163,0.5658692101315932,0.7038321075170012,Down_in_LUAD,False
hsa-miR-30e-5p,0.9234887026475604,0.09237026790668888,0.5362329327587064,Up_in_LUAD,False
hsa-miR-31-3p,33.374851981914716,0.3408931323020601,0.5362329327587064,Up_in_LUAD,False
hsa-miR-31-5p,0.8433847495707933,0.521442850351076,0.6704265218799548,Up_in_LUAD,False
hsa-miR-3115,-30.709726767344755,0.34343639613791355,0.5362329327587064,Down_in_LUAD,False
hsa-miR-3119,32.60607559767767,0.26868238625724206,0.5362329327587064,Up_in_LUAD,False
hsa-miR-3122,-31.18528940215141,0.34343639613791366,0.5362329327587064,Down_in_LUAD,False
hsa-miR-3124-5p,-1.4571086053288935,0.49246748693847553,0.6501715824178108,Down_in_LUAD,False
hsa-miR-3126-3p,-31.627386778644507,0.34343639613791355,0.5362329327587064,Down_in_LUAD,False
hsa-miR-3126-5p,36.79664322926624,0.3408931323020601,0.5362329327587064,Up_in_LUAD,False
hsa-miR-3127-5p,3.215230314179996,0.3571404760153326,0.545528110932294,Up_in_LUAD,False
hsa-miR-3128,32.369248060245106,0.3408931323020601,0.5362329327587064,Up_in_LUAD,False
hsa-miR-3129-5p,31.273660569928214,0.3408931323020601,0.5362329327587064,Up_in_LUAD,False
hsa-miR-3131,3.0233861055617184,0.2280749725992985,0.5362329327587064,Up_in_LUAD,False
hsa-miR-3134,-30.79600615830153,0.34343639613791355,0.5362329327587064,Down_in_LUAD,False
hsa-miR-3135a,4.217649946356619,0.36686139581050015,0.5508946431319606,Up_in_LUAD,False
hsa-miR-3135b,-27.287230558726243,0.34343639613791355,0.5362329327587064,Down_in_LUAD,False
hsa-miR-3138,-33.1172731019215,0.3113543073604675,0.5362329327587064,Down_in_LUAD,False
hsa-miR-3145-5p,3.9864715619255913,0.3716214670406245,0.5539482493074308,Up_in_LUAD,False
hsa-miR-3147,-28.709726769809357,0.34343639613791355,0.5362329327587064,Down_in_LUAD,False
hsa-miR-3150a-5p,28.923997544971854,0.3408931323020601,0.5362329327587064,Up_in_LUAD,False
hsa-miR-3159,-0.30407869533743614,0.8842586887459383,0.9352359080527994,Down_in_LUAD,False
hsa-miR-3161,-30.186164811647163,0.34343639613791355,0.5362329327587064,Down_in_LUAD,False
hsa-miR-3168,1.841841878428884,0.40357713911843485,0.5712352978026511,Up_in_LUAD,False
hsa-miR-3173-5p,-28.250295152404362,0.34343639613791355,0.5362329327587064,Down_in_LUAD,False
hsa-miR-3174,-31.306266473596132,0.284983419664401,0.5362329327587064,Down_in_LUAD,False
hsa-miR-3175,-28.377934483638825,0.34343639613791355,0.5362329327587064,Down_in_LUAD,False
hsa-miR-3176,5.407176461605065,0.3234946513139221,0.5362329327587064,Up_in_LUAD,False
hsa-miR-3177-3p,30.982534559686428,0.3408931323020601,0.5362329327587064,Up_in_LUAD,False
hsa-miR-3180,-32.28133641223854,0.2654790403178466,0.5362329327587064,Down_in_LUAD,False
hsa-miR-3180-3p,-32.41222818886234,0.34343639613791355,0.5362329327587064,Down_in_LUAD,False
hsa-miR-3180-5p,-27.456544322032393,0.34343639613791355,0.5362329327587064,Down_in_LUAD,False
hsa-miR-3185,31.181795300199177,0.3408931323020601,0.5362329327587064,Up_in_LUAD,False
hsa-miR-3186-5p,-27.923134604567146,0.34343639613791366,0.5362329327587064,Down_in_LUAD,False
hsa-miR-3188,-34.16912771021957,0.34343639613791355,0.5362329327587064,Down_in_LUAD,False
hsa-miR-3194-3p,-28.7893607283391,0.34343639613791355,0.5362329327587064,Down_in_LUAD,False
hsa-miR-3195,0.8973783118499077,0.6843710267555013,0.7933049325938618,Up_in_LUAD,False
hsa-miR-3196,0.3549635322760203,0.7939965817303833,0.8901483842962112,Up_in_LUAD,False
hsa-miR-3198,-0.27607114289058354,0.8946679917862348,0.9420676204901413,Down_in_LUAD,False
hsa-miR-3199,29.85129002721769,0.3408931323020601,0.5362329327587064,Up_in_LUAD,False
hsa-miR-32-3p,3.235644735561861,0.2152890730153802,0.5362329327587064,Up_in_LUAD,False
hsa-miR-32-5p,0.059634557424746326,0.9579433621302462,0.9795047882875186,Up_in_LUAD,False
hsa-miR-3200-3p,3.861791583911161,0.25499675293427937,0.5362329327587064,Up_in_LUAD,False
hsa-miR-3200-5p,3.540870743181787,0.38356374780841307,0.5626068156586811,Up_in_LUAD,False
hsa-miR-3202,-28.377934483638825,0.34343639613791355,0.5362329327587064,Down_in_LUAD,False
hsa-miR-320a,0.2472577922696786,0.6312157491212806,0.7546113090998768,Up_in_LUAD,False
hsa-miR-320b,-0.847281786014829,0.5170396732267618,0.6689520829683325,Down_in_LUAD,False
hsa-miR-320c,-1.1178834448970276,0.13770695113859552,0.5362329327587064,Down_in_LUAD,False
hsa-miR-320d,-0.9608695072604911,0.3023518340321373,0.5362329327587064,Down_in_LUAD,False
hsa-miR-320e,-2.428019661588089,0.158931290399822,0.5362329327587064,Down_in_LUAD,False
hsa-miR-323a-3p,3.6035809766621574,0.3678118282900379,0.5508946431319606,Up_in_LUAD,False
hsa-miR-323b-3p,-2.2536817421254813,0.3271351946927813,0.5362329327587064,Down_in_LUAD,False
hsa-miR-323b-5p,30.181795300791446,0.3408931323020601,0.5362329327587064,Up_in_LUAD,False
hsa-miR-324-3p,-0.7104021607297524,0.5789638166714053,0.711767372557372,Down_in_LUAD,False
hsa-miR-324-5p,-0.9869091050080234,0.260918903921611,0.5362329327587064,Down_in_LUAD,False
hsa-miR-326,-0.28370289706754015,0.8357728195498156,0.9112311655434561,Down_in_LUAD,False
hsa-miR-328-3p,0.26002059052863125,0.7380670925003656,0.8452773184217873,Up_in_LUAD,False
hsa-miR-330-3p,-2.3860788622752747,0.3728737039219706,0.5546333230048124,Down_in_LUAD,False
hsa-miR-330-5p,-0.8101814395601936,0.7143839324288952,0.8211748896972323,Down_in_LUAD,False
hsa-miR-331-3p,-34.99504584799254,0.3209302858101597,0.5362329327587064,Down_in_LUAD,False
hsa-miR-335-3p,0.21382078953747197,0.845056082028537,0.9161176161991186,Up_in_LUAD,False
hsa-miR-335-5p,0.05227801671080101,0.9609357506285603,0.9811721111789689,Up_in_LUAD,False
hsa-miR-337-3p,-33.11242288428,0.2415036112463062,0.5362329327587064,Down_in_LUAD,False
hsa-miR-339-3p,-0.5559647853856751,0.5933368279559946,0.7219940483035955,Down_in_LUAD,False
hsa-miR-339-5p,4.150920294879479,0.13678818131694942,0.5362329327587064,Up_in_LUAD,False
hsa-miR-33a-5p,1.6118072347114376,0.5344453064801129,0.6816321154839943,Up_in_LUAD,False
hsa-miR-33b-3p,-31.962896980568782,0.34343639613791355,0.5362329327587064,Down_in_LUAD,False
hsa-miR-33b-5p,0.7236271988379324,0.6626055212172977,0.7765671587730982,Up_in_LUAD,False
hsa-miR-340-3p,-1.214158968246105,0.34668619281142166,0.5375389293050787,Down_in_LUAD,False
hsa-miR-340-5p,-0.5324387959874919,0.5023151546150514,0.6562109089762841,Down_in_LUAD,False
hsa-miR-342-3p,-0.2997430448135141,0.6393156772644659,0.759391214885791,Down_in_LUAD,False
hsa-miR-342-5p,0.04658554946825255,0.9551491293056016,0.9795047882875186,Up_in_LUAD,False
hsa-miR-345-5p,0.2775066292388715,0.7326790249172253,0.8401151319363376,Up_in_LUAD,False
hsa-miR-34a-5p,0.8026529142924366,0.5186524478999648,0.6691966185434838,Up_in_LUAD,False
hsa-miR-34c-3p,-33.149193782927576,0.34343639613791355,0.5362329327587064,Down_in_LUAD,False
hsa-miR-34c-5p,-34.070480401086925,0.14546618844712716,0.5362329327587064,Down_in_LUAD,False
hsa-miR-3605-3p,3.9809146107583206,0.2853338082031786,0.5362329327587064,Up_in_LUAD,False
hsa-miR-3605-5p,-0.7001298493409072,0.6776111999613286,0.7894879231604875,Down_in_LUAD,False
hsa-miR-3607-3p,0.45420538896493357,0.7637655357908797,0.8633084373749991,Up_in_LUAD,False
hsa-miR-3607-5p,-2.2495845474262404,0.3964581333831757,0.5690931320978306,Down_in_LUAD,False
hsa-miR-3609,2.1857825877353427,0.19603373380435735,0.5362329327587064,Up_in_LUAD,False
hsa-miR-361-3p,-3.339100263769094,0.15040666935321786,0.5362329327587064,Down_in_LUAD,False
hsa-miR-361-5p,-0.2676727381357704,0.6981960497244368,0.807368522954076,Down_in_LUAD,False
hsa-miR-3612,28.486744983588746,0.3408931323020601,0.5362329327587064,Up_in_LUAD,False
hsa-miR-3613-3p,-33.87629474091389,0.11123562427495823,0.5362329327587064,Down_in_LUAD,False
hsa-miR-3613-5p,2.339666391546095,0.2021825096455383,0.5362329327587064,Up_in_LUAD,False
hsa-miR-3614-3p,-29.30690418525798,0.34343639613791366,0.5362329327587064,Down_in_LUAD,False
hsa-miR-3614-5p,0.9381609461248805,0.4973513675686707,0.6517489075007031,Up_in_LUAD,False
hsa-miR-3615,0.44431833725947634,0.6052374716504542,0.7318080455697507,Up_in_LUAD,False
hsa-miR-3618,30.717267221665352,0.3408931323020601,0.5362329327587064,Up_in_LUAD,False
hsa-miR-3620-3p,-34.81181134939487,0.34343639613791355,0.5362329327587064,Down_in_LUAD,False
hsa-miR-3621,-25.833685486255614,0.34343639613791355,0.5362329327587064,Down_in_LUAD,False
hsa-miR-363-3p,-0.20107921833506648,0.851274264024406,0.9165670604964772,Down_in_LUAD,False
hsa-miR-363-5p,4.129736311250701,0.36857386479237664,0.5508946431319606,Up_in_LUAD,False
hsa-miR-3648,3.0967318539951636,0.40046103170741465,0.5696090113209137,Up_in_LUAD,False
hsa-miR-3651,1.2803275149307662,0.39562508023274123,0.5690931320978306,Up_in_LUAD,False
hsa-miR-3653,2.8093452845883036,0.09380581060887797,0.5362329327587064,Up_in_LUAD,False
hsa-miR-3655,-29.894379885192972,0.34343639613791366,0.5362329327587064,Down_in_LUAD,False
hsa-miR-3656,-0.3733020256992914,0.8007051080002519,0.8923785918238197,Down_in_LUAD,False
hsa-miR-365a-3p,-2.224299300261804,0.08930477083851363,0.5362329327587064,Down_in_LUAD,False
hsa-miR-365a-5p,5.452953654019678,0.3516280784652356,0.5419276039674228,Up_in_LUAD,False
hsa-miR-365b-3p,-2.224299300261804,0.08930477083851363,0.5362329327587064,Down_in_LUAD,False
hsa-miR-365b-5p,0.35266067098908893,0.830165160081541,0.9092738951983813,Up_in_LUAD,False
hsa-miR-3665,27.801494855463357,0.3408931323020601,0.5362329327587064,Up_in_LUAD,False
hsa-miR-3679-5p,-30.12115906537625,0.34343639613791355,0.5362329327587064,Down_in_LUAD,False
hsa-miR-3687,33.148129687440196,0.3408931323020601,0.5362329327587064,Up_in_LUAD,False
hsa-miR-3689b-3p,-30.860136495687602,0.34343639613791355,0.5362329327587064,Down_in_LUAD,False
hsa-miR-3689c,-30.860136495687602,0.34343639613791355,0.5362329327587064,Down_in_LUAD,False
hsa-miR-369-3p,-33.93183441354855,0.1745847306260303,0.5362329327587064,Down_in_LUAD,False
hsa-miR-369-5p,1.2357927378593692,0.4501521667393288,0.6117452522354981,Up_in_LUAD,False
hsa-miR-3691-5p,-1.5047997852157016,0.5535009171177574,0.6966225262933253,Down_in_LUAD,False
hsa-miR-370-3p,-0.37981574648487815,0.7679670737300326,0.8660054235679091,Down_in_LUAD,False
hsa-miR-370-5p,31.671169551312676,0.34089313230206,0.5362329327587064,Up_in_LUAD,False
hsa-miR-374a-3p,-2.925346238388717,0.237186539171773,0.5362329327587064,Down_in_LUAD,False
hsa-miR-374a-5p,-5.516710955822331,0.11619521397625819,0.5362329327587064,Down_in_LUAD,False
hsa-miR-375,-0.02699096359819464,0.9792402353492289,0.9879514938201722,Down_in_LUAD,False
hsa-miR-376c-3p,-2.581845280893658,0.4314398737198125,0.5989057425858956,Down_in_LUAD,False
hsa-miR-377-3p,-31.250295148450732,0.34343639613791366,0.5362329327587064,Down_in_LUAD,False
hsa-miR-377-5p,33.11145030267287,0.3408931323020601,0.5362329327587064,Up_in_LUAD,False
hsa-miR-378a-3p,-0.7889252157084758,0.3217957718719616,0.5362329327587064,Down_in_LUAD,False
hsa-miR-378a-5p,33.98928830728114,0.3408931323020601,0.5362329327587064,Up_in_LUAD,False
hsa-miR-378b,-27.58943859184043,0.34343639613791355,0.5362329327587064,Down_in_LUAD,False
hsa-miR-378c,-0.7448746819166414,0.6777679340340035,0.7894879231604875,Down_in_LUAD,False
hsa-miR-378d,-27.484423050229267,0.2522961586940041,0.5362329327587064,Down_in_LUAD,False
hsa-miR-378g,-25.3532319646637,0.34343639613791355,0.5362329327587064,Down_in_LUAD,False
hsa-miR-378i,2.79973701779646,0.19821277356426167,0.5362329327587064,Up_in_LUAD,False
hsa-miR-379-3p,-25.918574382463575,0.34343639613791355,0.5362329327587064,Down_in_LUAD,False
hsa-miR-379-5p,-2.2242216911561314,0.2657462574894684,0.5362329327587064,Down_in_LUAD,False
hsa-miR-380-3p,-28.250295152404362,0.34343639613791355,0.5362329327587064,Down_in_LUAD,False
hsa-miR-381-3p,-0.24367730183674308,0.863592953002749,0.9236184721576486,Down_in_LUAD,False
hsa-miR-382-3p,-1.605213648012524,0.48371046588863553,0.6444552040974374,Down_in_LUAD,False
hsa-miR-382-5p,-2.4114324736834742,0.32810737549080377,0.5362329327587064,Down_in_LUAD,False
hsa-miR-384,34.00128302204156,0.34089313230206,0.5362329327587064,Up_in_LUAD,False
hsa-miR-3909,0.682120568974101,0.5968737394870858,0.7253726719371718,Up_in_LUAD,False
hsa-miR-3912-3p,3.163315808222952,0.39752865140132854,0.5694329330883896,Up_in_LUAD,False
hsa-miR-3916,-32.33041868422252,0.34343639613791355,0.5362329327587064,Down_in_LUAD,False
hsa-miR-3917,29.55111448360864,0.3408931323020601,0.5362329327587064,Up_in_LUAD,False
hsa-miR-3919,33.34077476536364,0.34089313230206,0.5362329327587064,Up_in_LUAD,False
hsa-miR-3922-3p,31.615851985202518,0.3408931323020601,0.5362329327587064,Up_in_LUAD,False
hsa-miR-3928-3p,3.5620206538723482,0.2887524122892366,0.5362329327587064,Up_in_LUAD,False
hsa-miR-3928-5p,-32.57049027275285,0.34343639613791355,0.5362329327587064,Down_in_LUAD,False
hsa-miR-3929,29.85129002721769,0.3408931323020601,0.5362329327587064,Up_in_LUAD,False
hsa-miR-3934-5p,0.09191960007482702,0.9645656206622588,0.9819964024242591,Up_in_LUAD,False
hsa-miR-3938,29.187031950333548,0.3408931323020601,0.5362329327587064,Up_in_LUAD,False
hsa-miR-3944-3p,3.4620897330113847,0.3174910285504292,0.5362329327587064,Up_in_LUAD,False
hsa-miR-3960,10.449118568884003,0.30303039775380947,0.5362329327587064,Up_in_LUAD,False
hsa-miR-3975,29.91542036457264,0.3408931323020601,0.5362329327587064,Up_in_LUAD,False
hsa-miR-409-3p,-1.7377246341385124,0.13901534426017428,0.5362329327587064,Down_in_LUAD,False
hsa-miR-410-3p,-3.0727920665542507,0.14963974556206544,0.5362329327587064,Down_in_LUAD,False
hsa-miR-410-5p,-35.386859487699205,0.34343639613791355,0.5362329327587064,Down_in_LUAD,False
hsa-miR-411-3p,-1.2420624279049024,0.5831827600342088,0.7140535950722542,Down_in_LUAD,False
hsa-miR-411-5p,-1.7696455824088986,0.40274274788614584,0.5709013097821443,Down_in_LUAD,False
hsa-miR-412-5p,-32.604960800028,0.21104655230578637,0.5362329327587064,Down_in_LUAD,False
hsa-miR-421,0.827929574454429,0.3881161278794073,0.5644249786538942,Up_in_LUAD,False
hsa-miR-424-3p,1.031666180644133,0.5192160360148319,0.6691966185434838,Up_in_LUAD,False
hsa-miR-424-5p,-33.332957735317684,0.16985225775972884,0.5362329327587064,Down_in_LUAD,False
hsa-miR-425-3p,-1.3100282772990335,0.09740244854950904,0.5362329327587064,Down_in_LUAD,False
hsa-miR-425-5p,0.15553675880976314,0.8187849522316513,0.9040750514224483,Up_in_LUAD,False
hsa-miR-4260,-29.857104730046892,0.34343639613791355,0.5362329327587064,Down_in_LUAD,False
hsa-miR-4269,27.14603330100346,0.34089313230206,0.5362329327587064,Up_in_LUAD,False
hsa-miR-4272,-25.983408438303016,0.34343639613791355,0.5362329327587064,Down_in_LUAD,False
hsa-miR-4278,26.07902884517691,0.3408931323020601,0.5362329327587064,Up_in_LUAD,False
hsa-miR-4279,32.1336301178997,0.3408931323020601,0.5362329327587064,Up_in_LUAD,False
hsa-miR-4286,-32.32987663495624,0.33277155601252933,0.5362329327587064,Down_in_LUAD,False
hsa-miR-4289,31.149284185450973,0.3408931323020601,0.5362329327587064,Up_in_LUAD,False
hsa-miR-429,2.46903372059138,0.13971796629603578,0.5362329327587064,Up_in_LUAD,False
hsa-miR-4292,36.440911436531934,0.3408931323020601,0.5362329327587064,Up_in_LUAD,False
hsa-miR-4294,-2.455424724484964,0.4406252177809966,0.6040868655021902,Down_in_LUAD,False
hsa-miR-4295,32.66058794786417,0.3408931323020601,0.5362329327587064,Up_in_LUAD,False
hsa-miR-4297,-29.068590266004907,0.34343639613791366,0.5362329327587064,Down_in_LUAD,False
hsa-miR-4306,2.892338418902311,0.29297269738469217,0.5362329327587064,Up_in_LUAD,False
hsa-miR-4308,31.96370511649566,0.3408931323020601,0.5362329327587064,Up_in_LUAD,False
hsa-miR-431-3p,-4.498108318463941,0.3643564646937435,0.5501788690488274,Down_in_LUAD,False
hsa-miR-431-5p,-0.09673263204614369,0.942954926756775,0.9725178379740144,Down_in_LUAD,False
hsa-miR-4318,28.388358695840896,0.3408931323020601,0.5362329327587064,Up_in_LUAD,False
hsa-miR-432-3p,-30.317409344822725,0.34343639613791355,0.5362329327587064,Down_in_LUAD,False
hsa-miR-432-5p,0.19293973634600814,0.8628699420273892,0.9236184721576486,Up_in_LUAD,False
hsa-miR-4322,-28.75578354430298,0.34343639613791355,0.5362329327587064,Down_in_LUAD,False
hsa-miR-4324,-24.79683863197848,0.34343639613791355,0.5362329327587064,Down_in_LUAD,False
hsa-miR-4326,-3.5908454690244893,0.3843020350133586,0.5626068156586811,Down_in_LUAD,False
hsa-miR-433-3p,-37.56524705631765,0.3126669334513493,0.5362329327587064,Down_in_LUAD,False
hsa-miR-4418,-4.248084940746637,0.36868910167907576,0.5508946431319606,Down_in_LUAD,False
hsa-miR-4429,-0.4539255306249499,0.8066727037191217,0.8958856336996998,Down_in_LUAD,False
hsa-miR-4435,-31.379551732285275,0.09424452486189662,0.5362329327587064,Down_in_LUAD,False
hsa-miR-4436b-5p,-32.45959856560794,0.34343639613791355,0.5362329327587064,Down_in_LUAD,False
hsa-miR-4440,31.273660569928214,0.3408931323020601,0.5362329327587064,Up_in_LUAD,False
hsa-miR-4443,35.68069241540539,0.16874032848351306,0.5362329327587064,Up_in_LUAD,False
hsa-miR-4446-3p,-0.7186195170096399,0.5028198893728131,0.6562109089762841,Down_in_LUAD,False
hsa-miR-4448,31.411164093627633,0.3408931323020601,0.5362329327587064,Up_in_LUAD,False
hsa-miR-4449,3.113844971829189,0.2998825923354951,0.5362329327587064,Up_in_LUAD,False
hsa-miR-4450,35.030962342559114,0.3408931323020601,0.5362329327587064,Up_in_LUAD,False
hsa-miR-4451,31.018432344660592,0.3408931323020601,0.5362329327587064,Up_in_LUAD,False
hsa-miR-4453,-31.064931393421965,0.34343639613791355,0.5362329327587064,Down_in_LUAD,False
hsa-miR-4461,31.60402830073195,0.3408931323020601,0.5362329327587064,Up_in_LUAD,False
hsa-miR-4466,1.1163107948452975,0.4004053999774271,0.5696090113209137,Up_in_LUAD,False
hsa-miR-4471,31.671169551312676,0.34089313230206,0.5362329327587064,Up_in_LUAD,False
hsa-miR-4472,30.440556272175254,0.3137086350118065,0.5362329327587064,Up_in_LUAD,False
hsa-miR-4473,31.671169551312676,0.34089313230206,0.5362329327587064,Up_in_LUAD,False
hsa-miR-4478,-26.622263939238966,0.34343639613791355,0.5362329327587064,Down_in_LUAD,False
hsa-miR-4482-3p,-29.250295150145142,0.34343639613791355,0.5362329327587064,Down_in_LUAD,False
hsa-miR-4485,-2.7790864423232886,0.24813970807148425,0.5362329327587064,Down_in_LUAD,False
hsa-miR-4488,32.53543225445337,0.3408931323020601,0.5362329327587064,Up_in_LUAD,False
hsa-miR-4489,0.25232630497180475,0.8600052731394154,0.9228536679502927,Up_in_LUAD,False
hsa-miR-4491,3.4587390987178686,0.3862552292835094,0.5634365271199817,Up_in_LUAD,False
hsa-miR-4492,-1.3674336764540733,0.2887189395797159,0.5362329327587064,Down_in_LUAD,False
hsa-miR-4497,-0.23607883073833413,0.8292939335120997,0.9092738951983813,Down_in_LUAD,False
hsa-miR-449a,6.327422774118776,0.3466947185776079,0.5375389293050787,Up_in_LUAD,False
hsa-miR-449b-5p,34.27366056944196,0.3408931323020601,0.5362329327587064,Up_in_LUAD,False
hsa-miR-449c-5p,35.061501065929434,0.34089313230206,0.5362329327587064,Up_in_LUAD,False
hsa-miR-4500,1.0508452189150628,0.5635265606537353,0.7027221496104274,Up_in_LUAD,False
hsa-miR-4504,32.73553905311379,0.3408931323020601,0.5362329327587064,Up_in_LUAD,False
hsa-miR-4505,-33.76062849495761,0.34343639613791355,0.5362329327587064,Down_in_LUAD,False
hsa-miR-4508,-0.5849827201776829,0.6277776002778711,0.7514426984505509,Down_in_LUAD,False
hsa-miR-450a-5p,-28.250295152404362,0.34343639613791355,0.5362329327587064,Down_in_LUAD,False
hsa-miR-450b-5p,-31.478347018749304,0.16892683109337484,0.5362329327587064,Down_in_LUAD,False
hsa-miR-4510,2.371812259358891,0.444308178590059,0.606394853182999,Up_in_LUAD,False
hsa-miR-4511,-28.377934483638825,0.34343639613791355,0.5362329327587064,Down_in_LUAD,False
hsa-miR-4513,6.749340766073704,0.3452114105444325,0.5375389293050787,Up_in_LUAD,False
hsa-miR-4516,0.485206420009499,0.6247003067454147,0.7486986088380975,Up_in_LUAD,False
hsa-miR-4517,32.08923599855082,0.3408931323020601,0.5362329327587064,Up_in_LUAD,False
hsa-miR-451a,0.7156863296349858,0.4006369461177496,0.5696090113209137,Up_in_LUAD,False
hsa-miR-451b,30.6158519856409,0.3408931323020601,0.5362329327587064,Up_in_LUAD,False
hsa-miR-452-3p,34.27366056944196,0.3408931323020601,0.5362329327587064,Up_in_LUAD,False
hsa-miR-452-5p,0.16812358354405976,0.8890196490003948,0.9380365165963619,Up_in_LUAD,False
hsa-miR-4521,32.72277528540904,0.34089313230206,0.5362329327587064,Up_in_LUAD,False
hsa-miR-4523,-29.690211495170537,0.34343639613791355,0.5362329327587064,Down_in_LUAD,False
hsa-miR-4530,30.824086680693476,0.3408931323020601,0.5362329327587064,Up_in_LUAD,False
hsa-miR-4532,-2.1361228224375317,0.2732759462000019,0.5362329327587064,Down_in_LUAD,False
hsa-miR-454-3p,-1.9452959010321038,0.02191772950376276,0.5362329327587064,Down_in_LUAD,False
hsa-miR-454-5p,1.1294276491543185,0.48778141914874984,0.6463103803720935,Up_in_LUAD,False
hsa-miR-455-3p,-33.27634987096797,0.06627421149138323,0.5362329327587064,Down_in_LUAD,False
hsa-miR-455-5p,2.598500542777126,0.42832793438945416,0.5987000265196267,Up_in_LUAD,False
hsa-miR-4632-3p,32.27366056965035,0.3408931323020601,0.5362329327587064,Up_in_LUAD,False
hsa-miR-4635,-1.9782341791665803,0.3792158013796386,0.559911695454016,Down_in_LUAD,False
hsa-miR-4636,31.754177098418776,0.3124896961346027,0.5362329327587064,Up_in_LUAD,False
hsa-miR-4638-5p,0.3927596440749408,0.8517276417942583,0.9165670604964772,Up_in_LUAD,False
hsa-miR-4645-3p,-29.3779344815709,0.34343639613791355,0.5362329327587064,Down_in_LUAD,False
hsa-miR-4646-3p,-31.810457403930492,0.29814937738436326,0.5362329327587064,Down_in_LUAD,False
hsa-miR-4646-5p,-31.18528940215141,0.34343639613791366,0.5362329327587064,Down_in_LUAD,False
hsa-miR-4647,28.047319970298727,0.3408931323020601,0.5362329327587064,Up_in_LUAD,False
hsa-miR-4648,-28.515438007012772,0.34343639613791355,0.5362329327587064,Down_in_LUAD,False
hsa-miR-4649-5p,30.826201593159084,0.3408931323020601,0.5362329327587064,Up_in_LUAD,False
hsa-miR-4652-3p,29.06150106846428,0.3408931323020601,0.5362329327587064,Up_in_LUAD,False
hsa-miR-4654,27.511988239638868,0.3408931323020601,0.5362329327587064,Up_in_LUAD,False
hsa-miR-4658,1.6237467351025576,0.48570575654723,0.6444552040974374,Up_in_LUAD,False
hsa-miR-4660,-31.657678054989276,0.29326621868440034,0.5362329327587064,Down_in_LUAD,False
hsa-miR-4664-5p,33.37108133058655,0.3408931323020601,0.5362329327587064,Up_in_LUAD,False
hsa-miR-4668-5p,28.859867207680892,0.3408931323020601,0.5362329327587064,Up_in_LUAD,False
hsa-miR-4669,-30.860136495687602,0.34343639613791355,0.5362329327587064,Down_in_LUAD,False
hsa-miR-4670-3p,-28.250295152404362,0.34343639613791355,0.5362329327587064,Down_in_LUAD,False
hsa-miR-4670-5p,-28.250295152404362,0.34343639613791355,0.5362329327587064,Down_in_LUAD,False
hsa-miR-4671-5p,-32.06859026376275,0.34343639613791355,0.5362329327587064,Down_in_LUAD,False
hsa-miR-4677-3p,3.1790038480702845,0.09034020728896808,0.5362329327587064,Up_in_LUAD,False
hsa-miR-4679,33.846516065273576,0.2516652560272459,0.5362329327587064,Up_in_LUAD,False
hsa-miR-4685-3p,3.186646793317344,0.1853358487342367,0.5362329327587064,Up_in_LUAD,False
hsa-miR-4685-5p,-33.07168441571502,0.34343639613791366,0.5362329327587064,Down_in_LUAD,False
hsa-miR-4686,34.69958495506634,0.3408931323020601,0.5362329327587064,Up_in_LUAD,False
hsa-miR-4687-3p,2.0262249454057333,0.3242291236431084,0.5362329327587064,Up_in_LUAD,False
hsa-miR-4687-5p,0.16854826420749625,0.935212472256578,0.9687217139335238,Up_in_LUAD,False
hsa-miR-4690-3p,30.313039833966695,0.3408931323020601,0.5362329327587064,Up_in_LUAD,False
hsa-miR-4690-5p,-33.37416498598444,0.2894417737524219,0.5362329327587064,Down_in_LUAD,False
hsa-miR-4693-3p,-30.52867009776341,0.34343639613791355,0.5362329327587064,Down_in_LUAD,False
hsa-miR-4693-5p,26.725391883212918,0.34089313230206,0.5362329327587064,Up_in_LUAD,False
hsa-miR-4695-5p,-30.377934480536936,0.34343639613791355,0.5362329327587064,Down_in_LUAD,False
hsa-miR-4698,-1.8510285286677295,0.35796708327423066,0.545528110932294,Down_in_LUAD,False
hsa-miR-4700-3p,29.808145137600246,0.3408931323020601,0.5362329327587064,Up_in_LUAD,False
hsa-miR-4703-3p,31.771619260433933,0.3408931323020601,0.5362329327587064,Up_in_LUAD,False
hsa-miR-4704-3p,-25.065870617825205,0.34343639613791355,0.5362329327587064,Down_in_LUAD,False
hsa-miR-4709-3p,-28.186164815190033,0.34343639613791355,0.5362329327587064,Down_in_LUAD,False
hsa-miR-4713-5p,-34.14919378285185,0.34343639613791355,0.5362329327587064,Down_in_LUAD,False
hsa-miR-4716-3p,-28.80069091106203,0.34343639613791355,0.5362329327587064,Down_in_LUAD,False
hsa-miR-4716-5p,-28.80069091106203,0.34343639613791355,0.5362329327587064,Down_in_LUAD,False
hsa-miR-4725-3p,33.8308881378422,0.3408931323020601,0.5362329327587064,Up_in_LUAD,False
hsa-miR-4726-5p,3.1931440634475967,0.39626538922418586,0.5690931320978306,Up_in_LUAD,False
hsa-miR-4728-3p,-33.01409598880255,0.12537101227272593,0.5362329327587064,Down_in_LUAD,False
hsa-miR-4730,-34.42575291710248,0.34343639613791355,0.5362329327587064,Down_in_LUAD,False
hsa-miR-4732-3p,-2.134751197762669,0.08540537133240717,0.5362329327587064,Down_in_LUAD,False
hsa-miR-4732-5p,0.7074255865236632,0.6238023389968887,0.7485628067962665,Up_in_LUAD,False
hsa-miR-4734,32.55772866934707,0.1674158121531369,0.5362329327587064,Up_in_LUAD,False
hsa-miR-4739,-33.02792470795807,0.34343639613791355,0.5362329327587064,Down_in_LUAD,False
hsa-miR-4742-3p,-33.41483555234808,0.3366377461076731,0.5362329327587064,Down_in_LUAD,False
hsa-miR-4743-5p,32.85467488734105,0.3408931323020601,0.5362329327587064,Up_in_LUAD,False
hsa-miR-4745-5p,-2.1052768262288053,0.3233594664826238,0.5362329327587064,Down_in_LUAD,False
hsa-miR-4746-5p,33.66572812930862,0.16944077173159744,0.5362329327587064,Up_in_LUAD,False
hsa-miR-4747-5p,-28.377934483638825,0.34343639613791355,0.5362329327587064,Down_in_LUAD,False
hsa-miR-4748,34.34077476529733,0.3408931323020601,0.5362329327587064,Up_in_LUAD,False
hsa-miR-4749-3p,32.69385085107874,0.1959530569244124,0.5362329327587064,Up_in_LUAD,False
hsa-miR-4750-5p,29.91542036457264,0.3408931323020601,0.5362329327587064,Up_in_LUAD,False
hsa-miR-4755-3p,-33.14494941425458,0.15359949703044193,0.5362329327587064,Down_in_LUAD,False
hsa-miR-4757-5p,4.588058328140983,0.36076936851261265,0.5479240953076542,Up_in_LUAD,False
hsa-miR-4761-5p,-30.766976771038447,0.34343639613791366,0.5362329327587064,Down_in_LUAD,False
hsa-miR-4762-5p,-30.93868776386572,0.33075187767517744,0.5362329327587064,Down_in_LUAD,False
hsa-miR-4767,-32.12999080841355,0.34343639613791355,0.5362329327587064,Down_in_LUAD,False
hsa-miR-4768-5p,32.96965438265391,0.3408931323020601,0.5362329327587064,Up_in_LUAD,False
hsa-miR-4769-5p,-28.124764270731273,0.34343639613791366,0.5362329327587064,Down_in_LUAD,False
hsa-miR-4773,30.92399754284741,0.3408931323020601,0.5362329327587064,Up_in_LUAD,False
hsa-miR-4775,-32.58855273091625,0.26272215432727714,0.5362329327587064,Down_in_LUAD,False
hsa-miR-4778-3p,-28.408561430117796,0.34343639613791355,0.5362329327587064,Down_in_LUAD,False
hsa-miR-4781-3p,34.54460818191123,0.2556578044399258,0.5362329327587064,Up_in_LUAD,False
hsa-miR-4782-5p,2.4463948812363983,0.4394240731565492,0.6040498066157751,Up_in_LUAD,False
hsa-miR-4787-3p,2.4135240737691657,0.44201646349408485,0.6041313842025171,Up_in_LUAD,False
hsa-miR-4787-5p,3.5296897409404067,0.3839199873468695,0.5626068156586811,Up_in_LUAD,False
hsa-miR-4792,3.6160057018255736,0.38124932222205776,0.561283724382474,Up_in_LUAD,False
hsa-miR-4795-3p,30.646463567468718,0.3408931323020601,0.5362329327587064,Up_in_LUAD,False
hsa-miR-4800-3p,33.48516467468619,0.3408931323020601,0.5362329327587064,Up_in_LUAD,False
hsa-miR-483-3p,1.4183824562097922,0.5518073786544888,0.6966225262933253,Up_in_LUAD,False
hsa-miR-483-5p,4.287544761703086,0.3163085437886116,0.5362329327587064,Up_in_LUAD,False
hsa-miR-484,0.2310839462602825,0.7583312257226791,0.8595087816626643,Up_in_LUAD,False
hsa-miR-485-3p,1.0148418036886273,0.5386271390211562,0.6851337208349106,Up_in_LUAD,False
hsa-miR-485-5p,-0.06586564652309246,0.9709945290313178,0.9865056237442781,Down_in_LUAD,False
hsa-miR-487a-3p,31.73553905331553,0.3408931323020601,0.5362329327587064,Up_in_LUAD,False
hsa-miR-487b-3p,-3.8423983590733073,0.1840934832096066,0.5362329327587064,Down_in_LUAD,False
hsa-miR-489-3p,-28.215728411883546,0.34343639613791366,0.5362329327587064,Down_in_LUAD,False
hsa-miR-489-5p,-26.215728425767562,0.34343639613791366,0.5362329327587064,Down_in_LUAD,False
hsa-miR-491-5p,31.500382864343972,0.3408931323020601,0.5362329327587064,Up_in_LUAD,False
hsa-miR-493-3p,4.811049997259905,0.19564814972967595,0.5362329327587064,Up_in_LUAD,False
hsa-miR-493-5p,-1.8908198641382539,0.2714857838733696,0.5362329327587064,Down_in_LUAD,False
hsa-miR-494-3p,1.5916558400915473,0.5376917419469398,0.6848570384744734,Up_in_LUAD,False
hsa-miR-494-5p,30.248057305114767,0.3408931323020601,0.5362329327587064,Up_in_LUAD,False
hsa-miR-495-3p,-36.73527104845792,0.3267107812506607,0.5362329327587064,Down_in_LUAD,False
hsa-miR-497-5p,-30.317409344822725,0.34343639613791355,0.5362329327587064,Down_in_LUAD,False
hsa-miR-4999-5p,-28.445048679309366,0.34343639613791355,0.5362329327587064,Down_in_LUAD,False
hsa-miR-5001-3p,26.274949052567802,0.3408931323020601,0.5362329327587064,Up_in_LUAD,False
hsa-miR-5006-3p,33.34077476536364,0.34089313230206,0.5362329327587064,Up_in_LUAD,False
hsa-miR-500a-3p,-0.26071686946977657,0.860943149345661,0.9228536679502927,Down_in_LUAD,False
hsa-miR-501-3p,-1.3078126729632364,0.31788958301900383,0.5362329327587064,Down_in_LUAD,False
hsa-miR-501-5p,-30.250295149015532,0.34343639613791355,0.5362329327587064,Down_in_LUAD,False
hsa-miR-5010-5p,2.8704213430683936,0.24743259526238454,0.5362329327587064,Up_in_LUAD,False
hsa-miR-502-3p,0.2928671043381508,0.8708980636735204,0.9262394122012692,Up_in_LUAD,False
hsa-miR-503-5p,1.8842111943749815,0.1678469328641766,0.5362329327587064,Up_in_LUAD,False
hsa-miR-504-3p,-30.902371845184458,0.34343639613791355,0.5362329327587064,Down_in_LUAD,False
hsa-miR-504-5p,0.17593009105327706,0.9161556384692324,0.9531803294674297,Up_in_LUAD,False
hsa-miR-505-3p,3.4616555247363774,0.2234877086788657,0.5362329327587064,Up_in_LUAD,False
hsa-miR-505-5p,-1.3516109985950155,0.4449708550045651,0.6064317081062216,Down_in_LUAD,False
hsa-miR-508-3p,-31.675160026313563,0.34343639613791355,0.5362329327587064,Down_in_LUAD,False
hsa-miR-5087,31.181795300199177,0.3408931323020601,0.5362329327587064,Up_in_LUAD,False
hsa-miR-5088-5p,1.6035616117899378,0.39669489816043746,0.5690931320978306,Up_in_LUAD,False
hsa-miR-5089-3p,-32.425752917290026,0.34343639613791355,0.5362329327587064,Down_in_LUAD,False
hsa-miR-5089-5p,34.898002333651384,0.3408931323020601,0.5362329327587064,Up_in_LUAD,False
hsa-miR-509-3-5p,1.1971916150561681,0.6135446762328352,0.7399767650140642,Up_in_LUAD,False
hsa-miR-509-3p,-0.3298643961683281,0.7939158142772552,0.8901483842962112,Down_in_LUAD,False
hsa-miR-5092,2.280781235731764,0.4532598229773027,0.6140124269513628,Up_in_LUAD,False
hsa-miR-5093,32.85107626122651,0.34089313230206,0.5362329327587064,Up_in_LUAD,False
hsa-miR-5094,-30.377934480536936,0.34343639613791355,0.5362329327587064,Down_in_LUAD,False
hsa-miR-511-5p,-32.483627762961525,0.34343639613791355,0.5362329327587064,Down_in_LUAD,False
hsa-miR-5187-5p,0.46633568515087465,0.6590098642183313,0.7765370241465495,Up_in_LUAD,False
hsa-miR-5189-3p,-1.1024382822603753,0.636348016795506,0.7578976379811644,Down_in_LUAD,False
hsa-miR-5189-5p,0.45515150766102996,0.8117905267376101,0.897390686567416,Up_in_LUAD,False
hsa-miR-518d-3p,-32.94749122038104,0.34343639613791366,0.5362329327587064,Down_in_LUAD,False
hsa-miR-5193,-0.30292647152764207,0.8521959985957812,0.9165670604964772,Down_in_LUAD,False
hsa-miR-5194,35.567853731942314,0.3408931323020601,0.5362329327587064,Up_in_LUAD,False
hsa-miR-5196-5p,-29.250295150145142,0.34343639613791355,0.5362329327587064,Down_in_LUAD,False
hsa-miR-520g-5p,28.997370731161613,0.3408931323020601,0.5362329327587064,Up_in_LUAD,False
hsa-miR-523-3p,-31.485601375419947,0.34343639613791355,0.5362329327587064,Down_in_LUAD,False
hsa-miR-524-5p,-31.149193783381932,0.34343639613791366,0.5362329327587064,Down_in_LUAD,False
hsa-miR-526b-5p,-36.633585424545025,0.31637307559066885,0.5362329327587064,Down_in_LUAD,False
hsa-miR-532-3p,0.33958483899158143,0.8255785210734685,0.9073754713180748,Up_in_LUAD,False
hsa-miR-532-5p,-0.7920323277185313,0.3545416343394253,0.5437825066878003,Down_in_LUAD,False
hsa-miR-539-3p,-31.38566520816001,0.28035244981273494,0.5362329327587064,Down_in_LUAD,False
hsa-miR-542-3p,-33.71965483619077,0.08426643758689442,0.5362329327587064,Down_in_LUAD,False
hsa-miR-542-5p,-1.7184516012823492,0.49700213692716,0.6517489075007031,Down_in_LUAD,False
hsa-miR-543,-5.459483957011225,0.24505694594925528,0.5362329327587064,Down_in_LUAD,False
hsa-miR-545-3p,-31.416513567366096,0.34343639613791355,0.5362329327587064,Down_in_LUAD,False
hsa-miR-545-5p,1.723344331278073,0.5174538717987712,0.6689520829683325,Up_in_LUAD,False
hsa-miR-548ac,36.17843625253284,0.3408931323020601,0.5362329327587064,Up_in_LUAD,False
hsa-miR-548al,-31.60915864524557,0.34343639613791355,0.5362329327587064,Down_in_LUAD,False
hsa-miR-548ap-3p,28.698249088259455,0.3408931323020601,0.5362329327587064,Up_in_LUAD,False
hsa-miR-548ar-3p,1.8635945429317298,0.3353561678416266,0.5362329327587064,Up_in_LUAD,False
hsa-miR-548ar-5p,-29.690211495170537,0.34343639613791355,0.5362329327587064,Down_in_LUAD,False
hsa-miR-548as-5p,31.022121803038107,0.3408931323020601,0.5362329327587064,Up_in_LUAD,False
hsa-miR-548ax,31.615851985202518,0.3408931323020601,0.5362329327587064,Up_in_LUAD,False
hsa-miR-548e-3p,-2.3275339074500083,0.2565533834847779,0.5362329327587064,Down_in_LUAD,False
hsa-miR-548e-5p,-31.866102444896743,0.2614632292485187,0.5362329327587064,Down_in_LUAD,False
hsa-miR-548f-3p,-32.466922106259396,0.34343639613791355,0.5362329327587064,Down_in_LUAD,False
hsa-miR-548j-5p,-0.9862858519647717,0.3797304685102184,0.559911695454016,Down_in_LUAD,False
hsa-miR-548k,-0.07332681929785423,0.9548920411991356,0.9795047882875186,Down_in_LUAD,False
hsa-miR-548l,-33.68146165566043,0.25099871191801115,0.5362329327587064,Down_in_LUAD,False
hsa-miR-548n,-31.835257648983614,0.34343639613791366,0.5362329327587064,Down_in_LUAD,False
hsa-miR-548o-3p,5.611353823642323,0.3504915893043672,0.5410501232950912,Up_in_LUAD,False
hsa-miR-548p,-28.735721978283625,0.34343639613791355,0.5362329327587064,Down_in_LUAD,False
hsa-miR-550a-3-5p,40.338390867711304,0.34089313230206,0.5362329327587064,Up_in_LUAD,False
hsa-miR-550a-3p,1.2868248125722426,0.32051299437552694,0.5362329327587064,Up_in_LUAD,False
hsa-miR-551a,33.34077476536364,0.34089313230206,0.5362329327587064,Up_in_LUAD,False
hsa-miR-551b-5p,0.11218168099864423,0.9449595952097031,0.9725599826236557,Up_in_LUAD,False
hsa-miR-552-5p,-5.700361027423612,0.3524007630424676,0.5422424644234098,Down_in_LUAD,False
hsa-miR-5571-5p,33.77614844358727,0.3408931323020601,0.5362329327587064,Up_in_LUAD,False
hsa-miR-5580-5p,2.584991221332209,0.42925662278765686,0.5987000265196267,Up_in_LUAD,False
hsa-miR-5581-3p,-29.60915864656684,0.34343639613791355,0.5362329327587064,Down_in_LUAD,False
hsa-miR-5586-3p,31.049153236218626,0.3408931323020601,0.5362329327587064,Up_in_LUAD,False
hsa-miR-5588-5p,30.930788527199162,0.1837855777277709,0.5362329327587064,Up_in_LUAD,False
hsa-miR-559,27.17856450787349,0.3408931323020601,0.5362329327587064,Up_in_LUAD,False
hsa-miR-561-5p,34.27366056944196,0.3408931323020601,0.5362329327587064,Up_in_LUAD,False
hsa-miR-564,1.4139831045239442,0.5688365659313127,0.7064894321903693,Up_in_LUAD,False
hsa-miR-5688,29.689532290168472,0.3408931323020601,0.5362329327587064,Up_in_LUAD,False
hsa-miR-569,3.51441283548037,0.2805524476842096,0.5362329327587064,Up_in_LUAD,False
hsa-miR-5695,-34.09030009380144,0.34343639613791355,0.5362329327587064,Down_in_LUAD,False
hsa-miR-5696,-36.26829821211871,0.2980298541601203,0.5362329327587064,Down_in_LUAD,False
hsa-miR-5698,0.6814425670419388,0.7408478795276328,0.8474446967258533,Up_in_LUAD,False
hsa-miR-5701,5.041344955040475,0.18271793873274908,0.5362329327587064,Up_in_LUAD,False
hsa-miR-5703,-28.667441100081835,0.34343639613791355,0.5362329327587064,Down_in_LUAD,False
hsa-miR-5704,-31.489883254938057,0.34343639613791355,0.5362329327587064,Down_in_LUAD,False
hsa-miR-574-3p,-0.590027896101252,0.5620456553571671,0.7025782293655102,Down_in_LUAD,False
hsa-miR-574-5p,-30.95895299258462,0.34343639613791355,0.5362329327587064,Down_in_LUAD,False
hsa-miR-576-3p,1.7034747141496704,0.4067049822612998,0.5739593980433136,Up_in_LUAD,False
hsa-miR-576-5p,0.2311479890600019,0.8315613445169714,0.9097586269142096,Up_in_LUAD,False
hsa-miR-582-3p,-3.2862344441731155,0.2543280365108349,0.5362329327587064,Down_in_LUAD,False
hsa-miR-584-5p,-1.0727018940750792,0.21626708817723223,0.5362329327587064,Down_in_LUAD,False
hsa-miR-589-3p,-32.48362776296152,0.34343639613791355,0.5362329327587064,Down_in_LUAD,False
hsa-miR-589-5p,3.482526259106103,0.1343852577266653,0.5362329327587064,Up_in_LUAD,False
hsa-miR-590-3p,2.1015617924549335,0.3007714476515926,0.5362329327587064,Up_in_LUAD,False
hsa-miR-591,-33.28669730666375,0.34343639613791366,0.5362329327587064,Down_in_LUAD,False
hsa-miR-592,-34.016415502495995,0.30624166957990545,0.5362329327587064,Down_in_LUAD,False
hsa-miR-593-3p,34.07012717536735,0.3408931323020601,0.5362329327587064,Up_in_LUAD,False
hsa-miR-597-3p,-31.186164811056685,0.34343639613791355,0.5362329327587064,Down_in_LUAD,False
hsa-miR-598-3p,2.8786570962298166,0.2137231110781717,0.5362329327587064,Up_in_LUAD,False
hsa-miR-598-5p,-29.86329753308723,0.34343639613791355,0.5362329327587064,Down_in_LUAD,False
hsa-miR-601,1.6704351552861663,0.525311668352578,0.6735851231295154,Up_in_LUAD,False
hsa-miR-605-3p,31.674198499377226,0.3408931323020601,0.5362329327587064,Up_in_LUAD,False
hsa-miR-6068,35.45289761240555,0.2467998454450629,0.5362329327587064,Up_in_LUAD,False
hsa-miR-607,-29.9023718459033,0.34343639613791355,0.5362329327587064,Down_in_LUAD,False
hsa-miR-6071,32.457429742464974,0.3408931323020601,0.5362329327587064,Up_in_LUAD,False
hsa-miR-6072,30.214766881476695,0.3408931323020601,0.5362329327587064,Up_in_LUAD,False
hsa-miR-6073,30.352270405121377,0.3408931323020601,0.5362329327587064,Up_in_LUAD,False
hsa-miR-6077,-28.60570552361272,0.2630132366620922,0.5362329327587064,Down_in_LUAD,False
hsa-miR-6082,5.611591850857252,0.3407058187829999,0.5362329327587064,Up_in_LUAD,False
hsa-miR-6087,0.13464923415137697,0.896335725204198,0.9427831111850109,Up_in_LUAD,False
hsa-miR-6089,-37.49363538932824,0.34343639613791355,0.5362329327587064,Down_in_LUAD,False
hsa-miR-610,32.01884667067521,0.3408931323020601,0.5362329327587064,Up_in_LUAD,False
hsa-miR-6125,-0.026763780345647525,0.9880107519845474,0.9925349828707325,Down_in_LUAD,False
hsa-miR-6127,33.582585435762546,0.3408931323020601,0.5362329327587064,Up_in_LUAD,False
hsa-miR-6129,29.126924470802532,0.3408931323020601,0.5362329327587064,Up_in_LUAD,False
hsa-miR-6134,-26.862337194488475,0.34343639613791366,0.5362329327587064,Down_in_LUAD,False
hsa-miR-615-5p,-30.090300094984645,0.34343639613791355,0.5362329327587064,Down_in_LUAD,False
hsa-miR-616-5p,-29.699862576044676,0.34343639613791355,0.5362329327587064,Down_in_LUAD,False
hsa-miR-618,-30.635732237835388,0.34343639613791355,0.5362329327587064,Down_in_LUAD,False
hsa-miR-624-5p,0.8368323999057953,0.7061511797277615,0.8145927756472606,Up_in_LUAD,False
hsa-miR-625-3p,-1.0657490502393214,0.24568532222228798,0.5362329327587064,Down_in_LUAD,False
hsa-miR-625-5p,-1.065749050239801,0.2456853222222879,0.5362329327587064,Down_in_LUAD,False
hsa-miR-627-3p,-33.3829117985607,0.32743046503682605,0.5362329327587064,Down_in_LUAD,False
hsa-miR-627-5p,-29.962896981602743,0.34343639613791355,0.5362329327587064,Down_in_LUAD,False
hsa-miR-628-3p,-4.696285797131602,0.14726746567816995,0.5362329327587064,Down_in_LUAD,False
hsa-miR-628-5p,3.2910454468180363,0.2581913088898357,0.5362329327587064,Up_in_LUAD,False
hsa-miR-629-3p,33.27366056951142,0.3408931323020601,0.5362329327587064,Up_in_LUAD,False
hsa-miR-629-5p,-0.4815146920160247,0.4615742784494443,0.6219517819784885,Down_in_LUAD,False
hsa-miR-636,-25.001740282272607,0.34343639613791355,0.5362329327587064,Down_in_LUAD,False
hsa-miR-638,-27.570651063534594,0.34343639613791355,0.5362329327587064,Down_in_LUAD,False
hsa-miR-640,-31.715746586021286,0.34343639613791355,0.5362329327587064,Down_in_LUAD,False
hsa-miR-641,1.373164416683786,0.5709678744431601,0.7064894321903693,Up_in_LUAD,False
hsa-miR-647,-1.5137102283341206,0.5519575006286168,0.6966225262933253,Down_in_LUAD,False
hsa-miR-6499-5p,-32.45959856560794,0.34343639613791355,0.5362329327587064,Down_in_LUAD,False
hsa-miR-6503-5p,31.70952546516213,0.34089313230206,0.5362329327587064,Up_in_LUAD,False
hsa-miR-6508-3p,-32.142944792934614,0.12479672334737084,0.5362329327587064,Down_in_LUAD,False
hsa-miR-6509-5p,34.545638668864456,0.34089313230206,0.5362329327587064,Up_in_LUAD,False
hsa-miR-651-5p,31.200814486069802,0.3408931323020601,0.5362329327587064,Up_in_LUAD,False
hsa-miR-6510-3p,0.6364986676977509,0.6595656108925239,0.7765370241465495,Up_in_LUAD,False
hsa-miR-6511a-3p,-2.6570488506665777,0.12998407283953578,0.5362329327587064,Down_in_LUAD,False
hsa-miR-6511b-3p,-32.57848223346991,0.34343639613791355,0.5362329327587064,Down_in_LUAD,False
hsa-miR-6512-5p,32.46269439400625,0.3408931323020601,0.5362329327587064,Up_in_LUAD,False
hsa-miR-6513-3p,-30.867805104571506,0.34343639613791355,0.5362329327587064,Down_in_LUAD,False
hsa-miR-6513-5p,29.98502289950725,0.3408931323020601,0.5362329327587064,Up_in_LUAD,False
hsa-miR-6514-5p,-33.16756670290329,0.32727739264201,0.5362329327587064,Down_in_LUAD,False
hsa-miR-6516-3p,32.24592563730989,0.3408931323020601,0.5362329327587064,Up_in_LUAD,False
hsa-miR-652-3p,0.14967072628078526,0.8864862766622802,0.9365536079023425,Up_in_LUAD,False
hsa-miR-653-3p,-26.77265738967153,0.34343639613791355,0.5362329327587064,Down_in_LUAD,False
hsa-miR-653-5p,0.22284230753283274,0.9146053968119082,0.9531803294674297,Up_in_LUAD,False
hsa-miR-654-3p,-0.7469983157753859,0.5328014115606838,0.6811088472763827,Down_in_LUAD,False
hsa-miR-654-5p,-0.04983205310154215,0.9749245405515353,0.9879514938201722,Down_in_LUAD,False
hsa-miR-658,32.96894176468896,0.3408931323020601,0.5362329327587064,Up_in_LUAD,False
hsa-miR-659-5p,-33.149193782927576,0.34343639613791355,0.5362329327587064,Down_in_LUAD,False
hsa-miR-660-5p,0.10879301132901098,0.9403874866024045,0.9719714650256704,Up_in_LUAD,False
hsa-miR-663a,30.44931444732686,0.17333176916051557,0.5362329327587064,Up_in_LUAD,False
hsa-miR-663b,30.95173247517979,0.3408931323020601,0.5362329327587064,Up_in_LUAD,False
hsa-miR-664a-3p,0.2241014210674086,0.8732664608024756,0.927724057467218,Up_in_LUAD,False
hsa-miR-664a-5p,2.5298568475001764,0.2739170589900022,0.5362329327587064,Up_in_LUAD,False
hsa-miR-664b-3p,5.995630480245461,0.34821587796168096,0.5384083429099573,Up_in_LUAD,False
hsa-miR-664b-5p,1.2606855805704953,0.4288325804880704,0.5987000265196267,Up_in_LUAD,False
hsa-miR-670-5p,30.324535472795947,0.3408931323020601,0.5362329327587064,Up_in_LUAD,False
hsa-miR-671-3p,-0.36133105925373865,0.7949224994970671,0.8901483842962112,Down_in_LUAD,False
hsa-miR-671-5p,2.15108071690611,0.4231336303605797,0.5927598874654818,Up_in_LUAD,False
hsa-miR-6715b-3p,29.187031950333548,0.3408931323020601,0.5362329327587064,Up_in_LUAD,False
hsa-miR-6719-3p,-30.245062694919653,0.34343639613791366,0.5362329327587064,Down_in_LUAD,False
hsa-miR-6721-5p,1.060464862412096,0.5986277670404097,0.7265787401482834,Up_in_LUAD,False
hsa-miR-6723-5p,-0.24027632312771097,0.8408714449944275,0.9146993825823077,Down_in_LUAD,False
hsa-miR-6726-5p,0.15286744042934686,0.9197199756802076,0.9557874257068824,Up_in_LUAD,False
hsa-miR-6729-3p,30.383072489620456,0.34089313230206,0.5362329327587064,Up_in_LUAD,False
hsa-miR-6730-3p,-2.5253946057339833,0.43541993283565117,0.6002754565393226,Down_in_LUAD,False
hsa-miR-6730-5p,-33.08506344551475,0.34343639613791355,0.5362329327587064,Down_in_LUAD,False
hsa-miR-6733-3p,0.0869165223431918,0.9617457886530516,0.9811721111789689,Up_in_LUAD,False
hsa-miR-6740-5p,33.27366056951142,0.3408931323020601,0.5362329327587064,Up_in_LUAD,False
hsa-miR-6741-3p,2.515380154401192,0.43210444629007616,0.5989057425858956,Up_in_LUAD,False
hsa-miR-6741-5p,-29.835257650113224,0.34343639613791355,0.5362329327587064,Down_in_LUAD,False
hsa-miR-6743-3p,2.4576787870960977,0.26096636074843715,0.5362329327587064,Up_in_LUAD,False
hsa-miR-6744-3p,31.30695099358002,0.3408931323020601,0.5362329327587064,Up_in_LUAD,False
hsa-miR-6745,-32.52671276145538,0.34343639613791355,0.5362329327587064,Down_in_LUAD,False
hsa-miR-6747-3p,-34.21630797870695,0.34343639613791355,0.5362329327587064,Down_in_LUAD,False
hsa-miR-6749-3p,6.012511518176334,0.2840001279576456,0.5362329327587064,Up_in_LUAD,False
hsa-miR-675-3p,1.3510488637788005,0.5706322685453493,0.7064894321903693,Up_in_LUAD,False
hsa-miR-6750-5p,33.148129687440196,0.3408931323020601,0.5362329327587064,Up_in_LUAD,False
hsa-miR-6751-5p,-28.62453901132786,0.34343639613791355,0.5362329327587064,Down_in_LUAD,False
hsa-miR-6758-3p,-29.515438005132843,0.34343639613791355,0.5362329327587064,Down_in_LUAD,False
hsa-miR-676-3p,32.2679286816228,0.34089313230206,0.5362329327587064,Up_in_LUAD,False
hsa-miR-6761-3p,-30.91616812610863,0.34343639613791355,0.5362329327587064,Down_in_LUAD,False
hsa-miR-6761-5p,-30.867805104571506,0.34343639613791355,0.5362329327587064,Down_in_LUAD,False
hsa-miR-6762-5p,-27.313804150730945,0.34343639613791355,0.5362329327587064,Down_in_LUAD,False
hsa-miR-6765-5p,3.2738124859229343,0.3743638756092563,0.5546333230048124,Up_in_LUAD,False
hsa-miR-6769b-3p,-30.20478466750066,0.34343639613791355,0.5362329327587064,Down_in_LUAD,False
hsa-miR-6772-3p,-29.89876664424569,0.34343639613791355,0.5362329327587064,Down_in_LUAD,False
hsa-miR-6772-5p,33.117769285690734,0.3408931323020601,0.5362329327587064,Up_in_LUAD,False
hsa-miR-6773-5p,-30.52867009776341,0.34343639613791355,0.5362329327587064,Down_in_LUAD,False
hsa-miR-6774-3p,-2.233689286195719,0.43186589058914904,0.5989057425858956,Down_in_LUAD,False
hsa-miR-6777-3p,3.31076358802137,0.39156943486928386,0.5668546902356553,Up_in_LUAD,False
hsa-miR-6780a-5p,33.925157969865275,0.3408931323020601,0.5362329327587064,Up_in_LUAD,False
hsa-miR-6781-5p,1.130215040183665,0.5055337347174074,0.6579525005735425,Up_in_LUAD,False
hsa-miR-6782-3p,-28.186164815190033,0.34343639613791355,0.5362329327587064,Down_in_LUAD,False
hsa-miR-6782-5p,27.927025737033283,0.3408931323020601,0.5362329327587064,Up_in_LUAD,False
hsa-miR-6785-5p,31.674198499377226,0.3408931323020601,0.5362329327587064,Up_in_LUAD,False
hsa-miR-6786-5p,32.31303983315555,0.34089313230206,0.5362329327587064,Up_in_LUAD,False
hsa-miR-6787-3p,-28.377934483638825,0.34343639613791355,0.5362329327587064,Down_in_LUAD,False
hsa-miR-6787-5p,-29.940011269968245,0.19812625623716493,0.5362329327587064,Down_in_LUAD,False
hsa-miR-6789-5p,-32.68628046747193,0.34343639613791355,0.5362329327587064,Down_in_LUAD,False
hsa-miR-6790-3p,-29.99454206623704,0.34343639613791355,0.5362329327587064,Down_in_LUAD,False
hsa-miR-6790-5p,27.014788768650355,0.3408931323020601,0.5362329327587064,Up_in_LUAD,False
hsa-miR-6793-5p,2.5296897416309037,0.43317082010929553,0.5989057425858956,Up_in_LUAD,False
hsa-miR-6794-3p,-32.59710208933567,0.34343639613791355,0.5362329327587064,Down_in_LUAD,False
hsa-miR-6796-3p,-31.526712761688536,0.34343639613791355,0.5362329327587064,Down_in_LUAD,False
hsa-miR-6797-3p,29.413610960042103,0.34089313230206,0.5362329327587064,Up_in_LUAD,False
hsa-miR-6798-5p,1.0356764763069877,0.6521215985767695,0.7718660112186578,Up_in_LUAD,False
hsa-miR-6799-5p,32.753355508713334,0.3408931323020601,0.5362329327587064,Up_in_LUAD,False
hsa-miR-6800-5p,-31.03001117674064,0.34343639613791355,0.5362329327587064,Down_in_LUAD,False
hsa-miR-6802-3p,-25.693901825940586,0.34343639613791355,0.5362329327587064,Down_in_LUAD,False
hsa-miR-6802-5p,-34.72766561861922,0.18402777750558813,0.5362329327587064,Down_in_LUAD,False
hsa-miR-6803-3p,1.6524396638777028,0.5280666236403372,0.6762088039635995,Up_in_LUAD,False
hsa-miR-6804-3p,-28.250295152404362,0.34343639613791355,0.5362329327587064,Down_in_LUAD,False
hsa-miR-6805-3p,33.023662665248274,0.1700317994993979,0.5362329327587064,Up_in_LUAD,False
hsa-miR-6805-5p,-30.887711945104122,0.2555785833729764,0.5362329327587064,Down_in_LUAD,False
hsa-miR-6810-5p,33.0499203389083,0.3408931323020601,0.5362329327587064,Up_in_LUAD,False
hsa-miR-6816-3p,-30.539801766005134,0.34343639613791355,0.5362329327587064,Down_in_LUAD,False
hsa-miR-6817-3p,-29.589438586482622,0.34343639613791355,0.5362329327587064,Down_in_LUAD,False
hsa-miR-6818-3p,-30.312692516140803,0.34343639613791355,0.5362329327587064,Down_in_LUAD,False
hsa-miR-6819-3p,-29.742336358472997,0.2506273470896093,0.5362329327587064,Down_in_LUAD,False
hsa-miR-6820-5p,1.363105867184077,0.5548452292525383,0.6973943988233485,Up_in_LUAD,False
hsa-miR-6821-5p,33.925157969865275,0.3408931323020601,0.5362329327587064,Up_in_LUAD,False
hsa-miR-6823-5p,31.567497060180923,0.34089313230206,0.5362329327587064,Up_in_LUAD,False
hsa-miR-6827-3p,-29.44504867733544,0.34343639613791355,0.5362329327587064,Down_in_LUAD,False
hsa-miR-6835-3p,30.47044972628959,0.3408931323020601,0.5362329327587064,Up_in_LUAD,False
hsa-miR-6837-3p,35.75212320780573,0.1427870208816535,0.5362329327587064,Up_in_LUAD,False
hsa-miR-6839-5p,-33.52011292258304,0.3328583531225944,0.5362329327587064,Down_in_LUAD,False
hsa-miR-6840-5p,28.989245322989877,0.3408931323020601,0.5362329327587064,Up_in_LUAD,False
hsa-miR-6842-3p,1.6799941319082885,0.37779344394018377,0.5587828612696671,Up_in_LUAD,False
hsa-miR-6843-3p,-30.766976771038447,0.34343639613791366,0.5362329327587064,Down_in_LUAD,False
hsa-miR-6845-3p,35.06021184167696,0.3408931323020601,0.5362329327587064,Up_in_LUAD,False
hsa-miR-6847-5p,32.51940562228163,0.3408931323020601,0.5362329327587064,Up_in_LUAD,False
hsa-miR-6849-5p,-4.533341780471245,0.36399063354002315,0.5501788690488274,Down_in_LUAD,False
hsa-miR-6850-3p,33.64186885411438,0.1927519427045499,0.5362329327587064,Up_in_LUAD,False
hsa-miR-6850-5p,33.68508681520342,0.34089313230206,0.5362329327587064,Up_in_LUAD,False
hsa-miR-6851-5p,-31.18093235695885,0.34343639613791355,0.5362329327587064,Down_in_LUAD,False
hsa-miR-6852-3p,-29.687494709429263,0.16831629611255605,0.5362329327587064,Down_in_LUAD,False
hsa-miR-6852-5p,0.9719795073864352,0.47306377009211575,0.6338522986908405,Up_in_LUAD,False
hsa-miR-6853-3p,-3.11150947657969,0.22260852732593855,0.5362329327587064,Down_in_LUAD,False
hsa-miR-6854-3p,30.313039833966695,0.3408931323020601,0.5362329327587064,Up_in_LUAD,False
hsa-miR-6854-5p,-33.560576213202374,0.34343639613791355,0.5362329327587064,Down_in_LUAD,False
hsa-miR-6859-5p,1.0844013267478738,0.6399900804697861,0.759391214885791,Up_in_LUAD,False
hsa-miR-6862-5p,-28.377934483638825,0.34343639613791355,0.5362329327587064,Down_in_LUAD,False
hsa-miR-6864-3p,-30.20478466750066,0.34343639613791355,0.5362329327587064,Down_in_LUAD,False
hsa-miR-6865-3p,-33.216307978779234,0.34343639613791366,0.5362329327587064,Down_in_LUAD,False
hsa-miR-6867-5p,31.671408715914158,0.3408931323020601,0.5362329327587064,Up_in_LUAD,False
hsa-miR-6869-3p,-1.3918618737552977,0.47946065078546907,0.6397279172718007,Down_in_LUAD,False
hsa-miR-6870-3p,29.923997543555565,0.34089313230206,0.5362329327587064,Up_in_LUAD,False
hsa-miR-6871-5p,31.68890666925799,0.22119163545876938,0.5362329327587064,Up_in_LUAD,False
hsa-miR-6873-3p,35.06693364010012,0.31285406950748673,0.5362329327587064,Up_in_LUAD,False
hsa-miR-6873-5p,0.2963520956287655,0.8655222179487743,0.9246452361961149,Up_in_LUAD,False
hsa-miR-6874-3p,32.76675780052549,0.34089313230206,0.5362329327587064,Up_in_LUAD,False
hsa-miR-6880-3p,4.350544056233796,0.36447908305960053,0.5501788690488274,Up_in_LUAD,False
hsa-miR-6881-3p,32.873042576845386,0.3408931323020601,0.5362329327587064,Up_in_LUAD,False
hsa-miR-6882-3p,29.28389348943286,0.3408931323020601,0.5362329327587064,Up_in_LUAD,False
hsa-miR-6882-5p,-34.59815347464635,0.29675614621330487,0.5362329327587064,Down_in_LUAD,False
hsa-miR-6884-3p,29.122901613021128,0.3408931323020601,0.5362329327587064,Up_in_LUAD,False
hsa-miR-6885-5p,32.38645735027424,0.3408931323020601,0.5362329327587064,Up_in_LUAD,False
hsa-miR-6886-5p,-30.526712762154865,0.34343639613791355,0.5362329327587064,Down_in_LUAD,False
hsa-miR-6887-3p,2.2753097273479854,0.45375132180368005,0.6140124269513628,Up_in_LUAD,False
hsa-miR-6891-5p,-34.467989011449085,0.34092522356099647,0.5362329327587064,Down_in_LUAD,False
hsa-miR-6892-5p,0.9324485502565314,0.5838174047760569,0.7140535950722542,Up_in_LUAD,False
hsa-miR-6895-3p,-1.1645643447459473,0.6217689281535619,0.7470624149351361,Down_in_LUAD,False
hsa-miR-7-1-3p,2.088452449461721,0.3136453946939965,0.5362329327587064,Up_in_LUAD,False
hsa-miR-7-5p,-1.0268276697458871,0.2068388410051239,0.5362329327587064,Down_in_LUAD,False
hsa-miR-708-3p,-0.23579349034940267,0.8999348473745075,0.9444860774425524,Down_in_LUAD,False
hsa-miR-708-5p,-0.7847706444095239,0.5922341526281145,0.7219940483035955,Down_in_LUAD,False
hsa-miR-7111-3p,1.740082806260979,0.5150415080041244,0.6685028552869859,Up_in_LUAD,False
hsa-miR-7112-5p,-26.46441996881959,0.34343639613791355,0.5362329327587064,Down_in_LUAD,False
hsa-miR-7152-5p,-28.186169009456183,0.34343639613791355,0.5362329327587064,Down_in_LUAD,False
hsa-miR-7153-3p,-30.192711835209877,0.34343639613791355,0.5362329327587064,Down_in_LUAD,False
hsa-miR-7153-5p,32.20953023224327,0.3408931323020601,0.5362329327587064,Up_in_LUAD,False
hsa-miR-7157-5p,0.9686539075240672,0.4993555530739575,0.6534776373560431,Up_in_LUAD,False
hsa-miR-7159-5p,32.82620159259072,0.3408931323020601,0.5362329327587064,Up_in_LUAD,False
hsa-miR-7161-3p,0.9270220236459039,0.5770289052510562,0.710303968528397,Up_in_LUAD,False
hsa-miR-7161-5p,-34.08506344543558,0.34343639613791355,0.5362329327587064,Down_in_LUAD,False
hsa-miR-7162-3p,31.163236580278777,0.3408931323020601,0.5362329327587064,Up_in_LUAD,False
hsa-miR-718,31.340774765761495,0.3408931323020601,0.5362329327587064,Up_in_LUAD,False
hsa-miR-744-3p,-34.73415628354777,0.34343639613791355,0.5362329327587064,Down_in_LUAD,False
hsa-miR-744-5p,0.49921028336389206,0.3101300653558565,0.5362329327587064,Up_in_LUAD,False
hsa-miR-758-3p,-5.6594046671587845,0.31334831305154415,0.5362329327587064,Down_in_LUAD,False
hsa-miR-760,-0.7468403628301523,0.6758833682189272,0.7892199917758342,Down_in_LUAD,False
hsa-miR-7641,-2.3296423296523554,0.4508008599444926,0.6117553632817154,Down_in_LUAD,False
hsa-miR-766-3p,-2.0518087551426696,0.2152553285240278,0.5362329327587064,Down_in_LUAD,False
hsa-miR-766-5p,0.30723680838127176,0.8348215221300788,0.9112311655434561,Up_in_LUAD,False
hsa-miR-767-5p,-34.00923011096597,0.2652623442193584,0.5362329327587064,Down_in_LUAD,False
hsa-miR-769-3p,-32.39546822819933,0.34343639613791355,0.5362329327587064,Down_in_LUAD,False
hsa-miR-769-5p,-0.15700342404244338,0.8066475911937677,0.8958856336996998,Down_in_LUAD,False
hsa-miR-7703,0.9956304888463607,0.6624170175268695,0.7765671587730982,Up_in_LUAD,False
hsa-miR-7704,0.9634132783996847,0.3534943262847108,0.5430492548721644,Up_in_LUAD,False
hsa-miR-7705,-3.5840995569375895,0.3845069641608596,0.5626068156586811,Down_in_LUAD,False
hsa-miR-7706,0.4741541924786814,0.7434319130942135,0.8493820899303949,Up_in_LUAD,False
hsa-miR-7844-5p,33.7090342477334,0.34089313230206,0.5362329327587064,Up_in_LUAD,False
hsa-miR-7847-3p,1.6765584788023111,0.5243838878274032,0.6733004427824262,Up_in_LUAD,False
hsa-miR-7848-3p,-33.73728273680384,0.08492120776674289,0.5362329327587064,Down_in_LUAD,False
hsa-miR-7849-3p,-32.79544173147963,0.12174624341679685,0.5362329327587064,Down_in_LUAD,False
hsa-miR-7850-5p,-30.445048676348474,0.34343639613791355,0.5362329327587064,Down_in_LUAD,False
hsa-miR-7851-3p,-30.91616812610863,0.34343639613791355,0.5362329327587064,Down_in_LUAD,False
hsa-miR-7854-3p,-0.7024084594434461,0.6836593019457144,0.7933049325938618,Down_in_LUAD,False
hsa-miR-7976,33.78238602644606,0.3408931323020601,0.5362329327587064,Up_in_LUAD,False
hsa-miR-7978,30.379301838294637,0.3408931323020601,0.5362329327587064,Up_in_LUAD,False
hsa-miR-8052,4.672139249975347,0.35734726813116235,0.545528110932294,Up_in_LUAD,False
hsa-miR-8061,-0.14286927402574923,0.9450347000965711,0.9725599826236557,Down_in_LUAD,False
hsa-miR-8065,-30.334067684345705,0.34343639613791355,0.5362329327587064,Down_in_LUAD,False
hsa-miR-8072,-32.59710208933567,0.34343639613791355,0.5362329327587064,Down_in_LUAD,False
hsa-miR-8079,-32.28669730680143,0.34343639613791366,0.5362329327587064,Down_in_LUAD,False
hsa-miR-8081,-25.001740282272607,0.34343639613791355,0.5362329327587064,Down_in_LUAD,False
hsa-miR-8085,-34.84864085615621,0.34343639613791355,0.5362329327587064,Down_in_LUAD,False
hsa-miR-873-3p,0.6529858376888229,0.7555033878077132,0.85803599043876,Up_in_LUAD,False
hsa-miR-873-5p,1.8630036631864195,0.21492336443869323,0.5362329327587064,Up_in_LUAD,False
hsa-miR-874-3p,0.37201364411463267,0.8400511412389973,0.9146993825823077,Up_in_LUAD,False
hsa-miR-877-3p,-32.216307978923794,0.34343639613791355,0.5362329327587064,Down_in_LUAD,False
hsa-miR-877-5p,0.5299946824405932,0.7607733343770208,0.8609463357006854,Up_in_LUAD,False
hsa-miR-885-3p,2.3977594745734536,0.3469550859159095,0.5375389293050787,Up_in_LUAD,False
hsa-miR-885-5p,0.38574728220615473,0.8208988023561931,0.9043157707249517,Up_in_LUAD,False
hsa-miR-887-3p,-30.87907088179712,0.18782835059987016,0.5362329327587064,Down_in_LUAD,False
hsa-miR-889-3p,-0.30876050180266157,0.866933495595553,0.9251169516757914,Down_in_LUAD,False
hsa-miR-889-5p,-33.21234927907573,0.34343639613791355,0.5362329327587064,Down_in_LUAD,False
hsa-miR-9-5p,-2.661921398328359,0.25945680931369297,0.5362329327587064,Down_in_LUAD,False
hsa-miR-924,-34.949314873140466,0.34343639613791366,0.5362329327587064,Down_in_LUAD,False
hsa-miR-92a-1-5p,3.18409425037857,0.21800093689518088,0.5362329327587064,Up_in_LUAD,False
hsa-miR-92a-2-5p,29.61585198651767,0.3408931323020601,0.5362329327587064,Up_in_LUAD,False
hsa-miR-92a-3p,-0.6193796249875412,0.12611339328774906,0.5362329327587064,Down_in_LUAD,False
hsa-miR-92b-3p,0.40567011388879415,0.49473108283568934,0.6517489075007031,Up_in_LUAD,False
hsa-miR-92b-5p,2.3084553479344816,0.16765315288229732,0.5362329327587064,Up_in_LUAD,False
hsa-miR-93-3p,-1.8225588460193616,0.3274251458623285,0.5362329327587064,Down_in_LUAD,False
hsa-miR-93-5p,0.08393701269803344,0.8430971860779778,0.9150338060505014,Up_in_LUAD,False
hsa-miR-935,1.9531311656005101,0.29657746357752,0.5362329327587064,Up_in_LUAD,False
hsa-miR-937-3p,1.4253582006761447,0.5608157508187106,0.7021236565368109,Up_in_LUAD,False
hsa-miR-939-5p,0.6651252143516438,0.7586020903144269,0.8595087816626643,Up_in_LUAD,False
hsa-miR-940,33.40038276534827,0.16786121127598444,0.5362329327587064,Up_in_LUAD,False
hsa-miR-941,0.31306681568788264,0.8081494613533491,0.8964820768966222,Up_in_LUAD,False
hsa-miR-942-5p,-4.288575116765303,0.12001419797095865,0.5362329327587064,Down_in_LUAD,False
hsa-miR-944,-2.0651095914606303,0.368995468512917,0.5508946431319606,Down_in_LUAD,False
hsa-miR-95-3p,-0.19082723221189202,0.9070112513341386,0.9478248778755761,Down_in_LUAD,False
hsa-miR-96-5p,0.00019890588578697077,0.9998358611429355,0.9998576414756573,Up_in_LUAD,False
hsa-miR-98-3p,-0.7470805182406806,0.5423483393442201,0.6889484896596352,Down_in_LUAD,False
hsa-miR-98-5p,-0.5330615102844796,0.19567739824983038,0.5362329327587064,Down_in_LUAD,False
hsa-miR-99a-3p,-30.962896980913435,0.34343639613791355,0.5362329327587064,Down_in_LUAD,False
hsa-miR-99a-5p,0.49765687091144173,0.6647456428045273,0.7771658618082341,Up_in_LUAD,False
hsa-miR-99b-3p,-2.446445630615856,0.16674292435496899,0.5362329327587064,Down_in_LUAD,False
hsa-miR-99b-5p,0.00020974616979074767,0.9998576414756573,0.9998576414756573,Up_in_LUAD,False
